game_id,league,team_id,label,season_id,season_name,date,home_away,opponent,opponent_id,score_for,score_against,completed,last_period,went_ot,shootout
Q8fL30SHqjdtK1X7,ASHL,1S9vxCG4ogfXwn8U,VS - C,JAhBPkPoV4PoYEXL,D2 Division,2026-04-01T04:30:00+00:00,AWAY,Looney Goons,h5aF7USNiryI8LPs,6.0,7.0,True,3rd,False,False
XwzLySscmW023Es1,ASHL,1S9vxCG4ogfXwn8U,VS - C,JAhBPkPoV4PoYEXL,D2 Division,2026-04-15T04:15:00+00:00,AWAY,Bisons,FDEZ25Q5R3K0TCpa,7.0,11.0,True,3rd,False,False
ozzjjFmKrh8ObuzT,ASHL,1S9vxCG4ogfXwn8U,VS - C,O5qOaX94FERgxCvl,D2 Division,2025-09-05T04:45:00+00:00,AWAY,Sunnyvale Goats,TWSaUQnAZCqj7BP5,3.0,7.0,True,3rd,False,False
Xp5aK6mJvqyvYzk3,ASHL,1S9vxCG4ogfXwn8U,VS - C,O5qOaX94FERgxCvl,D2 Division,2025-09-07T01:30:00+00:00,HOME,Grey Goose,wDVYIcwWon4vIgQC,2.0,1.0,True,3rd,False,False
MFR2X97JEYYiFMqK,ASHL,1S9vxCG4ogfXwn8U,VS - C,O5qOaX94FERgxCvl,D2 Division,2025-09-10T04:45:00+00:00,HOME,Moose Knuckles,NEGJysCRBnOvvxcf,1.0,4.0,True,3rd,False,False
Nh8tSrVKmRa5O65Q,ASHL,1S9vxCG4ogfXwn8U,VS - C,O5qOaX94FERgxCvl,D2 Division,2025-09-15T03:30:00+00:00,AWAY,Warriors,057G9zZoDzy8rGsV,6.0,5.0,True,OT1,True,False
y9g6REpdb2VqZNSa,ASHL,1S9vxCG4ogfXwn8U,VS - C,O5qOaX94FERgxCvl,D2 Division,2025-09-23T03:30:00+00:00,HOME,Monkeys,Gf1jaNVN5u37HCcy,0.0,7.0,True,3rd,False,False
MDVCjotCYcXK2kbL,ASHL,1S9vxCG4ogfXwn8U,VS - C,O5qOaX94FERgxCvl,D2 Division,2025-10-06T02:30:00+00:00,AWAY,Bisons,FDEZ25Q5R3K0TCpa,6.0,4.0,True,3rd,False,False
HslWy7uJ1uMIVwyQ,ASHL,1S9vxCG4ogfXwn8U,VS - C,O5qOaX94FERgxCvl,D2 Division,2025-10-08T03:40:00+00:00,HOME,Looney Goons,h5aF7USNiryI8LPs,4.0,5.0,True,3rd,False,False
Wc07RsOh60chnQCG,ASHL,1S9vxCG4ogfXwn8U,VS - C,O5qOaX94FERgxCvl,D2 Division,2025-10-17T04:55:00+00:00,HOME,Buzzards 2.0,A5BQPASpT6O6xVB1,6.0,3.0,True,3rd,False,False
3NSeAAGYVhfEW5Jo,ASHL,1S9vxCG4ogfXwn8U,VS - C,O5qOaX94FERgxCvl,D2 Division,2025-10-27T03:45:00+00:00,AWAY,Sunnyvale Goats,TWSaUQnAZCqj7BP5,3.0,9.0,True,3rd,False,False
PNDbHCVU1MmO3VPU,ASHL,1S9vxCG4ogfXwn8U,VS - C,O5qOaX94FERgxCvl,D2 Division,2025-11-03T05:30:00+00:00,AWAY,Moose Knuckles,NEGJysCRBnOvvxcf,2.0,10.0,True,3rd,False,False
TAqZc46R0yMjrEBj,ASHL,1S9vxCG4ogfXwn8U,VS - C,O5qOaX94FERgxCvl,D2 Division,2025-11-06T05:40:00+00:00,AWAY,Mechanical Failures,TNSdosg9S4bw0Fro,6.0,1.0,True,3rd,False,False
yzLT742uZC7LcFpc,ASHL,1S9vxCG4ogfXwn8U,VS - C,O5qOaX94FERgxCvl,D2 Division,2025-11-21T05:45:00+00:00,AWAY,Warriors,057G9zZoDzy8rGsV,3.0,7.0,True,3rd,False,False
5BR6kNPdkwNrNM1D,ASHL,1S9vxCG4ogfXwn8U,VS - C,O5qOaX94FERgxCvl,D2 Division,2025-12-04T04:40:00+00:00,AWAY,Heavy Aero Jets,UYGx1suGRBn7q7U1,3.0,5.0,True,3rd,False,False
uO4bTU2AC9a65M8Q,ASHL,1S9vxCG4ogfXwn8U,VS - C,O5qOaX94FERgxCvl,D2 Division,2025-12-08T00:45:00+00:00,HOME,Bisons,FDEZ25Q5R3K0TCpa,3.0,13.0,True,3rd,False,False
SoCmuizJ4JYVUOZp,ASHL,1S9vxCG4ogfXwn8U,VS - C,O5qOaX94FERgxCvl,D2 Division,2025-12-17T03:15:00+00:00,HOME,Looney Goons,h5aF7USNiryI8LPs,3.0,9.0,True,3rd,False,False
uK2VwqH8yIekknHh,ASHL,1S9vxCG4ogfXwn8U,VS - C,O5qOaX94FERgxCvl,D2 Division,2025-12-19T05:35:00+00:00,HOME,Dirty Hoe’rs,xkRWeXM1gl1lA09J,2.0,9.0,True,3rd,False,False
QxTAIxwFcRuAmEwh,ASHL,1S9vxCG4ogfXwn8U,VS - C,O5qOaX94FERgxCvl,D2 Division,2025-12-22T03:45:00+00:00,AWAY,Sunnyvale Goats,TWSaUQnAZCqj7BP5,2.0,12.0,True,3rd,False,False
pJlED3PKUaHTJBX7,ASHL,1S9vxCG4ogfXwn8U,VS - C,O5qOaX94FERgxCvl,D2 Division,2026-01-06T04:40:00+00:00,AWAY,Ice Pirates,ozIXhcdHvRNEC2Ac,4.0,1.0,True,3rd,False,False
pKg3fJur5vIYaVBC,ASHL,1S9vxCG4ogfXwn8U,VS - C,O5qOaX94FERgxCvl,D2 Division,2026-01-16T05:55:00+00:00,AWAY,Bisons,FDEZ25Q5R3K0TCpa,4.0,7.0,True,3rd,False,False
S3iBLccCMWjWhjG8,ASHL,1S9vxCG4ogfXwn8U,VS - C,O5qOaX94FERgxCvl,D2 Division,2026-01-26T04:45:00+00:00,HOME,Looney Goons,h5aF7USNiryI8LPs,4.0,4.0,True,OT1,True,False
DrCEQsUa3M7LxtIH,ASHL,1S9vxCG4ogfXwn8U,VS - C,O5qOaX94FERgxCvl,D2 Division,2026-02-03T04:25:00+00:00,AWAY,Dirty Hoe’rs,xkRWeXM1gl1lA09J,2.0,5.0,True,3rd,False,False
K4Tmj0l2igSgHH2s,ASHL,1S9vxCG4ogfXwn8U,VS - C,O5qOaX94FERgxCvl,D2 Division,2026-02-06T04:40:00+00:00,AWAY,Mechanical Failures,TNSdosg9S4bw0Fro,4.0,8.0,True,3rd,False,False
J2jW4FbQ9soE3POA,ASHL,1S9vxCG4ogfXwn8U,VS - C,O5qOaX94FERgxCvl,D2 Division,2026-02-20T05:55:00+00:00,AWAY,Ice Pirates,ozIXhcdHvRNEC2Ac,4.0,5.0,True,3rd,False,False
VjaJrrZ9ZLVkf2U8,ASHL,1S9vxCG4ogfXwn8U,VS - C,O5qOaX94FERgxCvl,D2 Division,2026-02-24T04:25:00+00:00,HOME,Bisons,FDEZ25Q5R3K0TCpa,4.0,6.0,True,3rd,False,False
aguK80eK2hatXzQW,ASHL,1S9vxCG4ogfXwn8U,VS - C,O5qOaX94FERgxCvl,D2 Division,2026-03-13T03:40:00+00:00,HOME,Dirty Hoe’rs,xkRWeXM1gl1lA09J,5.0,6.0,True,3rd,False,False
z94p768YY8ab76i6,ASHL,1S9vxCG4ogfXwn8U,VS - C,O5qOaX94FERgxCvl,D2 Division,2026-03-18T02:00:00+00:00,AWAY,Mechanical Failures,TNSdosg9S4bw0Fro,5.0,4.0,True,3rd,False,False
9tarerxbpjPJcwxV,ASHL,1S9vxCG4ogfXwn8U,VS - C,O5qOaX94FERgxCvl,D2 Division,2026-03-22T20:30:00+00:00,HOME,Ice Pirates,ozIXhcdHvRNEC2Ac,7.0,6.0,True,3rd,False,False
YHYEH9jtgRkWjwQH,ASHL,1S9vxCG4ogfXwn8U,VS - C,O5qOaX94FERgxCvl,D2 Division,2026-03-29T23:00:00+00:00,AWAY,Bisons,FDEZ25Q5R3K0TCpa,7.0,11.0,True,3rd,False,False
OSmWZYLwuB6Cr5lG,ASHL,1S9vxCG4ogfXwn8U,VS - C,qyxc3pmP6OuiiMKS,E2 Division,2025-07-25T04:00:00+00:00,HOME,Goon Squad,SXJ4X62yetgPuH4d,10.0,1.0,True,3rd,False,False
Zv8lOPHG89K4jo1t,ASHL,1S9vxCG4ogfXwn8U,VS - C,qyxc3pmP6OuiiMKS,E2 Division,2025-08-06T01:30:00+00:00,AWAY,Monkeys,Gf1jaNVN5u37HCcy,10.0,3.0,True,3rd,False,False
kOSWuEmZhHfV16Qe,ASHL,1S9vxCG4ogfXwn8U,VS - C,qyxc3pmP6OuiiMKS,E2 Division,2025-08-10T23:40:00+00:00,HOME,Steamy Weenies,o5UtMpuUXZDDHyyr,3.0,2.0,True,3rd,False,False
HrxVUUp5JvxN34VE,ASHL,1S9vxCG4ogfXwn8U,VS - C,v4nqo4rRiTySn51E,E1 DIVISION,2025-05-06T02:40:00+00:00,AWAY,Lazy Pucks,hY6dDRRxlN9YGoiw,9.0,0.0,True,3rd,False,False
JbFB9lXiOtgL49ao,ASHL,1S9vxCG4ogfXwn8U,VS - C,v4nqo4rRiTySn51E,E1 DIVISION,2025-05-11T23:30:00+00:00,AWAY,Goon Squad,SXJ4X62yetgPuH4d,8.0,1.0,True,3rd,False,False
3ARCkYk4vSMsGkUN,ASHL,1S9vxCG4ogfXwn8U,VS - C,v4nqo4rRiTySn51E,E1 DIVISION,2025-05-16T02:15:00+00:00,HOME,Dirty Hoe’rs,xkRWeXM1gl1lA09J,4.0,6.0,True,3rd,False,False
xoYr7VYKMwmacmur,ASHL,1S9vxCG4ogfXwn8U,VS - C,v4nqo4rRiTySn51E,E1 DIVISION,2025-05-25T20:20:00+00:00,AWAY,Fokkers,sEEhuyintKZN1o60,4.0,4.0,True,OT1,True,False
ttni3CiInqkvrAjx,ASHL,1S9vxCG4ogfXwn8U,VS - C,v4nqo4rRiTySn51E,E1 DIVISION,2025-06-03T03:15:00+00:00,HOME,Smoked Salmons,4vr9Ad4htC62uoz0,6.0,7.0,True,3rd,False,False
Wr4X1jOQsmfnKkak,ASHL,1S9vxCG4ogfXwn8U,VS - C,v4nqo4rRiTySn51E,E1 DIVISION,2025-06-10T03:55:00+00:00,AWAY,Lazy Pucks,hY6dDRRxlN9YGoiw,4.0,0.0,True,3rd,False,False
U63k4qVtXOeqVwmW,ASHL,1S9vxCG4ogfXwn8U,VS - C,v4nqo4rRiTySn51E,E1 DIVISION,2025-06-13T03:55:00+00:00,HOME,Goon Squad,SXJ4X62yetgPuH4d,11.0,5.0,True,3rd,False,False
I1QjmnOUhpdoTVZ7,ASHL,1S9vxCG4ogfXwn8U,VS - C,H0tpRHlW0Hj7KGHH,E2 DIVISION,2025-06-19T02:15:00+00:00,AWAY,Monkeys,Gf1jaNVN5u37HCcy,1.0,2.0,True,3rd,False,False
GVnHU7z11qZWKcSM,ASHL,1S9vxCG4ogfXwn8U,VS - C,H0tpRHlW0Hj7KGHH,E2 DIVISION,2025-06-22T20:05:00+00:00,HOME,Lazy Pucks,hY6dDRRxlN9YGoiw,6.0,3.0,True,3rd,False,False
wGaJUOZIBvLEbYj8,ASHL,1S9vxCG4ogfXwn8U,VS - C,H0tpRHlW0Hj7KGHH,E2 DIVISION,2025-06-26T01:00:00+00:00,AWAY,Goon Squad,SXJ4X62yetgPuH4d,6.0,2.0,True,3rd,False,False
kw9fLjIgq0XCxaHb,ASHL,1S9vxCG4ogfXwn8U,VS - C,H0tpRHlW0Hj7KGHH,E2 DIVISION,2025-07-06T21:25:00+00:00,HOME,Steamy Weenies,o5UtMpuUXZDDHyyr,3.0,4.0,True,3rd,False,False
2BDy36dTYl6ML1ck,ASHL,1S9vxCG4ogfXwn8U,VS - C,H0tpRHlW0Hj7KGHH,E2 DIVISION,2025-07-13T22:45:00+00:00,HOME,Spartans HC,z2BOCcHeMPkJflVx,9.0,1.0,True,3rd,False,False
EQgBbfOVUVU16zJt,ASHL,1S9vxCG4ogfXwn8U,VS - C,ZYHDKESDvVRST2aN,E1 Division,2025-04-01T02:15:00+00:00,HOME,Ice Pirates,ozIXhcdHvRNEC2Ac,1.0,2.0,True,OT1,True,False
KoyKNA0t5X1Hkeme,ASHL,1S9vxCG4ogfXwn8U,VS - C,ZYHDKESDvVRST2aN,E1 Division,2025-04-11T04:00:00+00:00,AWAY,Mechanical Failures,TNSdosg9S4bw0Fro,1.0,3.0,True,3rd,False,False
16UixK9Qo38JTpEk,ASHL,1S9vxCG4ogfXwn8U,VS - C,SfkZcEkc9dO0HvGh,E1 DIVISION,2024-09-05T04:30:00+00:00,AWAY,Fokkers,sEEhuyintKZN1o60,9.0,3.0,True,3rd,False,False
t3CIsEhozmDo1nva,ASHL,1S9vxCG4ogfXwn8U,VS - C,SfkZcEkc9dO0HvGh,E1 DIVISION,2024-09-11T01:45:00+00:00,HOME,Crimson Tide,Pqhvkx1nCq1kLiVn,1.0,7.0,True,3rd,False,False
bYhMhMswblQp4nBt,ASHL,1S9vxCG4ogfXwn8U,VS - C,SfkZcEkc9dO0HvGh,E1 DIVISION,2024-09-15T21:15:00+00:00,HOME,Bounty Hunters,3JfZutWfhGSWWLmh,6.0,1.0,True,3rd,False,False
8vCZYS96v71cdr2O,ASHL,1S9vxCG4ogfXwn8U,VS - C,SfkZcEkc9dO0HvGh,E1 DIVISION,2024-09-18T02:15:00+00:00,AWAY,Spartans,keGsBg7KLBRVkW9x,5.0,4.0,True,3rd,False,False
gEoOLxfbm8nnzTHT,ASHL,1S9vxCG4ogfXwn8U,VS - C,SfkZcEkc9dO0HvGh,E1 DIVISION,2024-09-23T03:30:00+00:00,HOME,Bisons,FDEZ25Q5R3K0TCpa,2.0,2.0,True,OT1,True,False
EVa7rcTtY0sJ28HE,ASHL,1S9vxCG4ogfXwn8U,VS - C,SfkZcEkc9dO0HvGh,E1 DIVISION,2024-09-25T04:45:00+00:00,AWAY,Buzzards 2.0,A5BQPASpT6O6xVB1,2.0,9.0,True,3rd,False,False
DHbz0wTVjjrWDL2K,ASHL,1S9vxCG4ogfXwn8U,VS - C,SfkZcEkc9dO0HvGh,E1 DIVISION,2024-10-02T03:25:00+00:00,HOME,Ice Pirates,ozIXhcdHvRNEC2Ac,2.0,2.0,True,OT1,True,False
5KTZyNK3IHS4qwnd,ASHL,1S9vxCG4ogfXwn8U,VS - C,SfkZcEkc9dO0HvGh,E1 DIVISION,2024-10-16T04:55:00+00:00,AWAY,Fokkers,sEEhuyintKZN1o60,3.0,2.0,True,3rd,False,False
R3wDv8Mpsm5ur2Q6,ASHL,1S9vxCG4ogfXwn8U,VS - C,SfkZcEkc9dO0HvGh,E1 DIVISION,2024-10-23T04:55:00+00:00,HOME,Crimson Tide,Pqhvkx1nCq1kLiVn,4.0,2.0,True,3rd,False,False
sh1m9g2uWKJYoEpw,ASHL,1S9vxCG4ogfXwn8U,VS - C,SfkZcEkc9dO0HvGh,E1 DIVISION,2024-11-05T04:25:00+00:00,AWAY,Bounty Hunters,3JfZutWfhGSWWLmh,6.0,2.0,True,3rd,False,False
SLIt9mLSXBKjm03q,ASHL,1S9vxCG4ogfXwn8U,VS - C,SfkZcEkc9dO0HvGh,E1 DIVISION,2024-11-13T04:40:00+00:00,HOME,Spartans,keGsBg7KLBRVkW9x,4.0,2.0,True,3rd,False,False
URAzDME30VilOYaZ,ASHL,1S9vxCG4ogfXwn8U,VS - C,SfkZcEkc9dO0HvGh,E1 DIVISION,2024-11-21T05:40:00+00:00,AWAY,Mechanical Failures,TNSdosg9S4bw0Fro,6.0,5.0,True,OT1,True,False
s5h3C7gl3VbYPhKE,ASHL,1S9vxCG4ogfXwn8U,VS - C,SfkZcEkc9dO0HvGh,E1 DIVISION,2024-11-28T04:40:00+00:00,HOME,Buzzards 2.0,A5BQPASpT6O6xVB1,6.0,2.0,True,3rd,False,False
NGhSnMSuUkyQr2wt,ASHL,1S9vxCG4ogfXwn8U,VS - C,SfkZcEkc9dO0HvGh,E1 DIVISION,2024-12-05T05:40:00+00:00,HOME,Ice Pirates,ozIXhcdHvRNEC2Ac,7.0,3.0,True,3rd,False,False
za7tHvYowrDCKxKD,ASHL,1S9vxCG4ogfXwn8U,VS - C,SfkZcEkc9dO0HvGh,E1 DIVISION,2024-12-13T05:55:00+00:00,AWAY,Fokkers,sEEhuyintKZN1o60,4.0,6.0,True,3rd,False,False
TSDBqrvWiKNdQZRK,ASHL,1S9vxCG4ogfXwn8U,VS - C,SfkZcEkc9dO0HvGh,E1 DIVISION,2024-12-19T03:00:00+00:00,AWAY,Crimson Tide,Pqhvkx1nCq1kLiVn,4.0,7.0,True,3rd,False,False
n9ZBnvsyxoWfrVaN,ASHL,1S9vxCG4ogfXwn8U,VS - C,SfkZcEkc9dO0HvGh,E1 DIVISION,2025-01-06T03:30:00+00:00,HOME,Mechanical Failures,TNSdosg9S4bw0Fro,9.0,3.0,True,3rd,False,False
YN9gtRgXGaiDFUJM,ASHL,1S9vxCG4ogfXwn8U,VS - C,SfkZcEkc9dO0HvGh,E1 DIVISION,2025-01-20T04:00:00+00:00,HOME,Buzzards 2.0,A5BQPASpT6O6xVB1,3.0,6.0,True,3rd,False,False
aeMXe8uQhF48kxB6,ASHL,1S9vxCG4ogfXwn8U,VS - C,SfkZcEkc9dO0HvGh,E1 DIVISION,2025-01-28T05:40:00+00:00,AWAY,Ice Pirates,ozIXhcdHvRNEC2Ac,5.0,3.0,True,3rd,False,False
ldRpU09BtVvbL2rR,ASHL,1S9vxCG4ogfXwn8U,VS - C,SfkZcEkc9dO0HvGh,E1 DIVISION,2025-01-30T05:40:00+00:00,AWAY,Fokkers,sEEhuyintKZN1o60,7.0,1.0,True,3rd,False,False
y3G1Jazx7qxvMylL,ASHL,1S9vxCG4ogfXwn8U,VS - C,SfkZcEkc9dO0HvGh,E1 DIVISION,2025-02-13T04:25:00+00:00,HOME,Crimson Tide,Pqhvkx1nCq1kLiVn,4.0,7.0,True,3rd,False,False
azNEuXKe8pnv05bc,ASHL,1S9vxCG4ogfXwn8U,VS - C,SfkZcEkc9dO0HvGh,E1 DIVISION,2025-02-21T05:55:00+00:00,AWAY,Mechanical Failures,TNSdosg9S4bw0Fro,3.0,4.0,True,OT1,True,False
P0yGxBVDDmd4oPG1,ASHL,1S9vxCG4ogfXwn8U,VS - C,SfkZcEkc9dO0HvGh,E1 DIVISION,2025-02-26T04:40:00+00:00,HOME,Buzzards 2.0,A5BQPASpT6O6xVB1,1.0,2.0,True,3rd,False,False
chEceuyTpRbNZnxT,ASHL,1S9vxCG4ogfXwn8U,VS - C,SfkZcEkc9dO0HvGh,E1 DIVISION,2025-03-10T01:45:00+00:00,HOME,Diamond Danglers,7yBFrCUsbw0aAkZE,4.0,3.0,True,3rd,False,False
j7KQHuRpdKYOWTnN,ASHL,1S9vxCG4ogfXwn8U,VS - C,SfkZcEkc9dO0HvGh,E1 DIVISION,2025-03-16T22:30:00+00:00,AWAY,Ice Pirates,ozIXhcdHvRNEC2Ac,5.0,2.0,True,3rd,False,False
NGab42Zor2oXxrfS,ASHL,1S9vxCG4ogfXwn8U,VS - C,SfkZcEkc9dO0HvGh,E1 DIVISION,2025-03-20T01:00:00+00:00,AWAY,Crimson Tide,Pqhvkx1nCq1kLiVn,5.0,3.0,True,3rd,False,False
TUeaAtdPk4P4C8TC,ASHL,1S9vxCG4ogfXwn8U,VS - C,SfkZcEkc9dO0HvGh,E1 DIVISION,2025-03-25T02:00:00+00:00,HOME,Mechanical Failures,TNSdosg9S4bw0Fro,1.0,6.0,True,3rd,False,False
Cy5jtYgBMJ0T6DMY,ASHL,1S9vxCG4ogfXwn8U,VS - C,SfkZcEkc9dO0HvGh,E1 DIVISION,2025-03-30T21:15:00+00:00,HOME,Spartans,keGsBg7KLBRVkW9x,3.0,0.0,True,3rd,False,False
hBqg1JeULzjeoxyO,ASHL,1S9vxCG4ogfXwn8U,VS - C,GYvvRHhYZFU0BpUg,E1 Division,2024-07-24T02:00:00+00:00,AWAY,Bisons,FDEZ25Q5R3K0TCpa,5.0,6.0,True,OT1,True,False
y6feCzXPv4eNUOpA,ASHL,1S9vxCG4ogfXwn8U,VS - C,GYvvRHhYZFU0BpUg,E1 Division,2024-07-26T03:30:00+00:00,AWAY,Smoked Salmons,4vr9Ad4htC62uoz0,10.0,4.0,True,3rd,False,False
wZfsoAzxP0FpnvUK,ASHL,1S9vxCG4ogfXwn8U,VS - C,GYvvRHhYZFU0BpUg,E1 Division,2024-07-29T00:00:00+00:00,AWAY,Fokkers,sEEhuyintKZN1o60,3.0,5.0,True,3rd,False,False
NxfvWaQM5u8fPQ5a,ASHL,1S9vxCG4ogfXwn8U,VS - C,NiOPOcuOR26lRfaD,E2 Division,2024-05-06T03:15:00+00:00,AWAY,Warbirds,I0YmGYsSYPNl3meG,3.0,5.0,True,3rd,False,False
6h74AxPV4Kyg6Vs7,ASHL,1S9vxCG4ogfXwn8U,VS - C,NiOPOcuOR26lRfaD,E2 Division,2024-05-12T23:30:00+00:00,HOME,Inglourious Basterds,qx1HJhI93EZMbAFT,7.0,1.0,True,3rd,False,False
ClLrnDFA6ClKhWoA,ASHL,1S9vxCG4ogfXwn8U,VS - C,NiOPOcuOR26lRfaD,E2 Division,2024-05-17T02:15:00+00:00,HOME,Fokkers,sEEhuyintKZN1o60,1.0,4.0,True,3rd,False,False
VQSmGywUuSz0K8J9,ASHL,1S9vxCG4ogfXwn8U,VS - C,NiOPOcuOR26lRfaD,E2 Division,2024-05-27T03:45:00+00:00,HOME,Solar Bears,0Aa5O4q76eqZOK7j,9.0,4.0,True,3rd,False,False
kYIMtEfi9io9Rw1s,ASHL,1S9vxCG4ogfXwn8U,VS - C,NiOPOcuOR26lRfaD,E2 Division,2024-06-03T01:15:00+00:00,AWAY,Spartans HC,z2BOCcHeMPkJflVx,6.0,5.0,True,OT1,True,False
kI26jQsh9U5p3K6k,ASHL,1S9vxCG4ogfXwn8U,VS - C,NiOPOcuOR26lRfaD,E2 Division,2024-06-10T00:15:00+00:00,AWAY,Smoked Salmons,4vr9Ad4htC62uoz0,4.0,2.0,True,3rd,False,False
NcsbmTQkcxtkyYmC,ASHL,1S9vxCG4ogfXwn8U,VS - C,NiOPOcuOR26lRfaD,E2 Division,2024-06-12T03:15:00+00:00,HOME,Warbirds,I0YmGYsSYPNl3meG,5.0,5.0,True,OT1,True,False
ktMnJ8aPNjfOK2kh,ASHL,1S9vxCG4ogfXwn8U,VS - C,NiOPOcuOR26lRfaD,E2 Division,2024-06-14T03:15:00+00:00,AWAY,Inglourious Basterds,qx1HJhI93EZMbAFT,4.0,0.0,True,3rd,False,False
TlRhm3wyQE9hyz0J,ASHL,1S9vxCG4ogfXwn8U,VS - C,NiOPOcuOR26lRfaD,E2 Division,2024-06-19T01:00:00+00:00,AWAY,Fokkers,sEEhuyintKZN1o60,3.0,4.0,True,3rd,False,False
8WANV0k8S0cY5bo0,ASHL,1S9vxCG4ogfXwn8U,VS - C,qd0ZaLC7r2gTAj8r,E1 Division,2024-06-26T02:00:00+00:00,AWAY,Warbirds,I0YmGYsSYPNl3meG,5.0,3.0,True,3rd,False,False
Sj7Iks3Xm9eiiV98,ASHL,1S9vxCG4ogfXwn8U,VS - C,qd0ZaLC7r2gTAj8r,E1 Division,2024-07-08T01:00:00+00:00,HOME,Fokkers,sEEhuyintKZN1o60,3.0,7.0,True,3rd,False,False
9DvU7ZgomkV7hwQq,ASHL,1S9vxCG4ogfXwn8U,VS - C,qd0ZaLC7r2gTAj8r,E1 Division,2024-07-10T03:15:00+00:00,AWAY,Dermaphia,tguP4s1oeCQq19gi,2.0,8.0,True,3rd,False,False
LK0jiQq1H2vNWk71,ASHL,1S9vxCG4ogfXwn8U,VS - C,qd0ZaLC7r2gTAj8r,E1 Division,2024-07-15T01:00:00+00:00,HOME,Mechanical Failures,TNSdosg9S4bw0Fro,2.0,9.0,True,3rd,False,False
wbEMqzDZi6owkf6d,ASHL,1S9vxCG4ogfXwn8U,VS - C,g9nTTckxgS50PEJD,E2 Division,2024-04-15T04:15:00+00:00,HOME,Crimson Tide,Pqhvkx1nCq1kLiVn,3.0,4.0,True,OT1,True,False
gJWJ67TumEzyZ9UK,ASHL,1S9vxCG4ogfXwn8U,VS - C,g9nTTckxgS50PEJD,E2 Division,2024-04-21T19:15:00+00:00,HOME,Bisons,FDEZ25Q5R3K0TCpa,3.0,6.0,True,3rd,False,False
mwfGzZJHlZyHk412,ASHL,1S9vxCG4ogfXwn8U,VS - C,1CGo3Mhi5xX3Xv8w,E1 Division,2023-09-06T03:00:00+00:00,AWAY,Black'n Blues,dwq0ZJ5ZCDmVKxT7,7.0,7.0,True,OT1,True,False
XQSI8X3gBPTtwBqH,ASHL,1S9vxCG4ogfXwn8U,VS - C,1CGo3Mhi5xX3Xv8w,E1 Division,2023-09-09T04:00:00+00:00,HOME,Smoked Salmons,4vr9Ad4htC62uoz0,5.0,0.0,True,3rd,False,False
FxhHEyACsDqRRl4r,ASHL,1S9vxCG4ogfXwn8U,VS - C,1CGo3Mhi5xX3Xv8w,E1 Division,2023-09-14T01:45:00+00:00,AWAY,Buzzards 2.0,A5BQPASpT6O6xVB1,5.0,7.0,True,3rd,False,False
4uMsDAk2sakUfxil,ASHL,1S9vxCG4ogfXwn8U,VS - C,1CGo3Mhi5xX3Xv8w,E1 Division,2023-09-22T03:15:00+00:00,HOME,Crimson Tide,Pqhvkx1nCq1kLiVn,5.0,4.0,True,OT1,True,False
ZUbLhyNbmMkYjzKC,ASHL,1S9vxCG4ogfXwn8U,VS - C,1CGo3Mhi5xX3Xv8w,E1 Division,2023-09-24T21:30:00+00:00,HOME,Ice Pirates,ozIXhcdHvRNEC2Ac,5.0,1.0,True,3rd,False,False
xtfExlT1c5Ail6y0,ASHL,1S9vxCG4ogfXwn8U,VS - C,1CGo3Mhi5xX3Xv8w,E1 Division,2023-10-05T04:55:00+00:00,HOME,Bisons,FDEZ25Q5R3K0TCpa,2.0,4.0,True,3rd,False,False
1kYQVAD1qui02ubC,ASHL,1S9vxCG4ogfXwn8U,VS - C,1CGo3Mhi5xX3Xv8w,E1 Division,2023-10-13T04:40:00+00:00,AWAY,Black'n Blues,dwq0ZJ5ZCDmVKxT7,5.0,3.0,True,3rd,False,False
k21ARGQiD3q8EVOE,ASHL,1S9vxCG4ogfXwn8U,VS - C,1CGo3Mhi5xX3Xv8w,E1 Division,2023-10-23T02:45:00+00:00,AWAY,Smoked Salmons,4vr9Ad4htC62uoz0,5.0,2.0,True,3rd,False,False
HjAqb6wA4dNwXp8O,ASHL,1S9vxCG4ogfXwn8U,VS - C,1CGo3Mhi5xX3Xv8w,E1 Division,2023-11-01T03:25:00+00:00,HOME,Spartans,keGsBg7KLBRVkW9x,3.0,9.0,True,3rd,False,False
3WSP0u97puNmvQru,ASHL,1S9vxCG4ogfXwn8U,VS - C,1CGo3Mhi5xX3Xv8w,E1 Division,2023-11-03T04:40:00+00:00,AWAY,Crimson Tide,Pqhvkx1nCq1kLiVn,4.0,4.0,True,OT1,True,False
SIdGZgu9iCooWHwJ,ASHL,1S9vxCG4ogfXwn8U,VS - C,1CGo3Mhi5xX3Xv8w,E1 Division,2023-11-17T04:25:00+00:00,HOME,Cougars,XbE9iqLOFbIbuCof,3.0,12.0,True,3rd,False,False
E9FW6zGlCtIwuhMK,ASHL,1S9vxCG4ogfXwn8U,VS - C,1CGo3Mhi5xX3Xv8w,E1 Division,2023-12-12T04:40:00+00:00,HOME,Ice Pirates,ozIXhcdHvRNEC2Ac,3.0,5.0,True,3rd,False,False
vzZHYpCPK6rVPaPu,ASHL,1S9vxCG4ogfXwn8U,VS - C,1CGo3Mhi5xX3Xv8w,E1 Division,2023-12-15T04:25:00+00:00,AWAY,Smoked Salmons,4vr9Ad4htC62uoz0,3.0,2.0,True,3rd,False,False
JjGDT6zRy6JRghq9,ASHL,1S9vxCG4ogfXwn8U,VS - C,1CGo3Mhi5xX3Xv8w,E1 Division,2023-12-19T04:30:00+00:00,HOME,Spartans,keGsBg7KLBRVkW9x,3.0,6.0,True,3rd,False,False
npPBSxg5fYvojyHx,ASHL,1S9vxCG4ogfXwn8U,VS - C,1CGo3Mhi5xX3Xv8w,E1 Division,2023-12-21T03:15:00+00:00,AWAY,Crimson Tide,Pqhvkx1nCq1kLiVn,6.0,6.0,True,OT1,True,False
iDxv3p38nuvk8Dyj,ASHL,1S9vxCG4ogfXwn8U,VS - C,1CGo3Mhi5xX3Xv8w,E1 Division,2023-12-23T18:40:00+00:00,AWAY,Bisons,FDEZ25Q5R3K0TCpa,6.0,3.0,True,3rd,False,False
UOB1aT23tOVRGHwS,ASHL,1S9vxCG4ogfXwn8U,VS - C,KtHiqdyokcQaRUoB,E2 Division,2024-01-09T04:25:00+00:00,AWAY,Crimson Tide,Pqhvkx1nCq1kLiVn,9.0,5.0,True,3rd,False,False
tO36cyZagR2iOYgw,ASHL,1S9vxCG4ogfXwn8U,VS - C,KtHiqdyokcQaRUoB,E2 Division,2024-01-18T04:40:00+00:00,HOME,Bounty Hunters,3JfZutWfhGSWWLmh,2.0,1.0,True,OT1,True,False
AxCm8s4UYmQ181ir,ASHL,1S9vxCG4ogfXwn8U,VS - C,KtHiqdyokcQaRUoB,E2 Division,2024-01-25T05:55:00+00:00,AWAY,Smoked Salmons,4vr9Ad4htC62uoz0,5.0,4.0,True,3rd,False,False
MQx1GNytxs3sJJ2w,ASHL,1S9vxCG4ogfXwn8U,VS - C,KtHiqdyokcQaRUoB,E2 Division,2024-01-31T05:40:00+00:00,HOME,Bisons,FDEZ25Q5R3K0TCpa,3.0,2.0,True,3rd,False,False
bBLIDnkfyqqRL2kf,ASHL,1S9vxCG4ogfXwn8U,VS - C,KtHiqdyokcQaRUoB,E2 Division,2024-02-09T05:55:00+00:00,HOME,Fokkers,sEEhuyintKZN1o60,5.0,1.0,True,3rd,False,False
ppXIKEKMgCc6YaQF,ASHL,1S9vxCG4ogfXwn8U,VS - C,KtHiqdyokcQaRUoB,E2 Division,2024-02-21T04:40:00+00:00,AWAY,Crimson Tide,Pqhvkx1nCq1kLiVn,2.0,10.0,True,3rd,False,False
APliizgTgwA7dR84,ASHL,1S9vxCG4ogfXwn8U,VS - C,KtHiqdyokcQaRUoB,E2 Division,2024-03-06T05:55:00+00:00,HOME,Bounty Hunters,3JfZutWfhGSWWLmh,4.0,5.0,True,3rd,False,False
S9wOIE82m4EKProI,ASHL,1S9vxCG4ogfXwn8U,VS - C,KtHiqdyokcQaRUoB,E2 Division,2024-03-11T01:30:00+00:00,HOME,Smoked Salmons,4vr9Ad4htC62uoz0,5.0,3.0,True,3rd,False,False
NC76oHZdSo5eN2Ti,ASHL,1S9vxCG4ogfXwn8U,VS - C,KtHiqdyokcQaRUoB,E2 Division,2024-03-18T04:30:00+00:00,AWAY,Bisons,FDEZ25Q5R3K0TCpa,3.0,6.0,True,3rd,False,False
2Gwte1vdn6Im9kI2,ASHL,1S9vxCG4ogfXwn8U,VS - C,KtHiqdyokcQaRUoB,E2 Division,2024-03-24T19:30:00+00:00,AWAY,Fokkers,sEEhuyintKZN1o60,7.0,3.0,True,3rd,False,False
gCmc4Q2XTUW9uzt3,ASHL,1S9vxCG4ogfXwn8U,VS - C,KtHiqdyokcQaRUoB,E2 Division,2024-03-28T02:15:00+00:00,HOME,Crimson Tide,Pqhvkx1nCq1kLiVn,4.0,6.0,True,3rd,False,False
wrcPLMtRZB6BEE5A,ASHL,1S9vxCG4ogfXwn8U,VS - C,KtHiqdyokcQaRUoB,E2 Division,2024-04-05T04:45:00+00:00,AWAY,Bounty Hunters,3JfZutWfhGSWWLmh,1.0,3.0,True,3rd,False,False
AkCdaE5bM0UmJpcE,ASHL,1S9vxCG4ogfXwn8U,VS - C,tuKQcTSMdhgebYRm,Div C2,2023-07-24T02:30:00+00:00,AWAY,Ghosters,eRX0xVRTTWcyd0vk,1.0,3.0,True,3rd,False,False
MiefeHN9dmuUXD5s,ASHL,1S9vxCG4ogfXwn8U,VS - C,tuKQcTSMdhgebYRm,Div C2,2023-07-27T01:00:00+00:00,HOME,Silent O's,PGhDzWP9McnFzkk6,2.0,5.0,True,3rd,False,False
hr9qYC2hwLXJijgN,ASHL,1S9vxCG4ogfXwn8U,VS - C,SbinQfGGGnRktHbA,Div C2,2023-05-02T02:00:00+00:00,HOME,Mean Machine,MWR5hTNEwBTKQ0z2,5.0,9.0,True,3rd,False,False
Ac3uzPB0jcft8VvM,ASHL,1S9vxCG4ogfXwn8U,VS - C,SbinQfGGGnRktHbA,Div C2,2023-05-11T02:00:00+00:00,HOME,Woodridge Mustangs,tUWhfIO2oR89GY8i,8.0,2.0,True,3rd,False,False
vQqErbPfbwB8R1TC,ASHL,1S9vxCG4ogfXwn8U,VS - C,SbinQfGGGnRktHbA,Div C2,2023-05-18T02:00:00+00:00,AWAY,Crown Royalty,oIl01XBAql3SSyjn,3.0,5.0,True,3rd,False,False
9laCQiVN0GXwxAjx,ASHL,1S9vxCG4ogfXwn8U,VS - C,SbinQfGGGnRktHbA,Div C2,2023-05-29T03:15:00+00:00,HOME,Average Joes,pHi9Dir9Q9e2o1o7,3.0,6.0,True,3rd,False,False
8dZYyLaZJ4I5wXzM,ASHL,1S9vxCG4ogfXwn8U,VS - C,SbinQfGGGnRktHbA,Div C2,2023-06-06T03:15:00+00:00,AWAY,Zubs,2vkxm65q5WnqEQt8,7.0,5.0,True,3rd,False,False
Lwqznbc3aU3divkc,ASHL,1S9vxCG4ogfXwn8U,VS - C,SbinQfGGGnRktHbA,Div C2,2023-06-09T02:15:00+00:00,AWAY,The Mighty Drunks,jpAq45C6vIFsyYuW,7.0,2.0,True,3rd,False,False
B0SnkeCF1HPvlXB8,ASHL,1S9vxCG4ogfXwn8U,VS - C,SbinQfGGGnRktHbA,Div C2,2023-06-15T00:45:00+00:00,HOME,Silent O's,PGhDzWP9McnFzkk6,5.0,3.0,True,3rd,False,False
FfKhrlthqgXanixd,ASHL,1S9vxCG4ogfXwn8U,VS - C,SbinQfGGGnRktHbA,Div C2,2023-06-23T01:15:00+00:00,AWAY,Average Joes,pHi9Dir9Q9e2o1o7,4.0,1.0,True,3rd,False,False
qvFIpMdLZ6TCkyoy,ASHL,1S9vxCG4ogfXwn8U,VS - C,SbinQfGGGnRktHbA,Div C2,2023-06-27T02:15:00+00:00,HOME,Silent O's,PGhDzWP9McnFzkk6,0.0,6.0,True,3rd,False,False
EDxfMWwMi7F1ZE8u,ASHL,1S9vxCG4ogfXwn8U,VS - C,SbinQfGGGnRktHbA,Div C2,2023-07-06T03:15:00+00:00,AWAY,Crown Royalty,oIl01XBAql3SSyjn,2.0,9.0,True,3rd,False,False
zIsTiEQTYHvMuq3m,ASHL,1S9vxCG4ogfXwn8U,VS - C,SbinQfGGGnRktHbA,Div C2,2023-07-10T00:45:00+00:00,HOME,Zubs,2vkxm65q5WnqEQt8,2.0,4.0,True,3rd,False,False
inA7n9YsCHwKZOGQ,ASHL,1S9vxCG4ogfXwn8U,VS - C,SbinQfGGGnRktHbA,Div C2,2023-07-16T23:30:00+00:00,HOME,The Mighty Drunks,jpAq45C6vIFsyYuW,4.0,7.0,True,3rd,False,False
dFCvmYF0Nu1ubIzJ,ASHL,1S9vxCG4ogfXwn8U,VS - C,SbinQfGGGnRktHbA,Div C2,2023-07-18T01:00:00+00:00,AWAY,Ghosters,eRX0xVRTTWcyd0vk,2.0,8.0,True,3rd,False,False
VWWxxZniilMT34f2,ASHL,vn1dxgLkcLT896eN,VS - D,aJBT90jku65QpTRQ,E3 Division,2026-07-17T03:25:00+00:00,HOME,Vipers,rr281gAV79UaqlI7,3.0,4.0,True,3rd,False,False
RMoiLvYgoIgV17F3,ASHL,vn1dxgLkcLT896eN,VS - D,aJBT90jku65QpTRQ,E3 Division,2026-07-24T00:45:00+00:00,AWAY,L3,uv7hj08xVfUaarv3,,,False,,,False
BUvYPY4kGm2aKrWa,ASHL,vn1dxgLkcLT896eN,VS - D,yl26ZqYqAdBb2Y02,E2 DIVISION,2026-05-05T02:00:00+00:00,AWAY,Spartans HC,z2BOCcHeMPkJflVx,4.0,5.0,True,OT1,True,False
evH6E94FSj0509Mg,ASHL,vn1dxgLkcLT896eN,VS - D,yl26ZqYqAdBb2Y02,E2 DIVISION,2026-05-11T03:40:00+00:00,AWAY,Inglourious Basterds,qx1HJhI93EZMbAFT,1.0,3.0,True,3rd,False,False
NQXCk3ApfgVM0ctC,ASHL,vn1dxgLkcLT896eN,VS - D,yl26ZqYqAdBb2Y02,E2 DIVISION,2026-05-21T03:05:00+00:00,HOME,Vipers,rr281gAV79UaqlI7,6.0,2.0,True,3rd,False,False
4ZFn9z5Qg0uT1MCD,ASHL,vn1dxgLkcLT896eN,VS - D,yl26ZqYqAdBb2Y02,E2 DIVISION,2026-05-24T23:45:00+00:00,AWAY,Thunder Buddies,5X7jpnYV8x4vGUYQ,8.0,6.0,True,3rd,False,False
PkSOgN5YTalLMV8l,ASHL,vn1dxgLkcLT896eN,VS - D,yl26ZqYqAdBb2Y02,E2 DIVISION,2026-06-01T01:25:00+00:00,HOME,Bounty Hunters,3JfZutWfhGSWWLmh,4.0,6.0,True,3rd,False,False
I6zzuwVmAPoF7sba,ASHL,vn1dxgLkcLT896eN,VS - D,yl26ZqYqAdBb2Y02,E2 DIVISION,2026-06-09T02:00:00+00:00,AWAY,Imperials,dJjAo3nsKKbKG5pQ,3.0,6.0,True,3rd,False,False
kAAzWrdjKTS8AlLg,ASHL,vn1dxgLkcLT896eN,VS - D,26v9Srhi6CrYir7u,E3 DIVISION,2026-06-15T00:25:00+00:00,AWAY,Lazy Pucks,hY6dDRRxlN9YGoiw,4.0,4.0,True,OT1,True,False
mPAjLtbcw2OmtlSA,ASHL,vn1dxgLkcLT896eN,VS - D,26v9Srhi6CrYir7u,E3 DIVISION,2026-06-17T03:55:00+00:00,HOME,Vipers,rr281gAV79UaqlI7,3.0,4.0,True,3rd,False,False
0epWnJYGT1Cjgwx3,ASHL,vn1dxgLkcLT896eN,VS - D,26v9Srhi6CrYir7u,E3 DIVISION,2026-06-22T02:55:00+00:00,AWAY,Inglourious Basterds,qx1HJhI93EZMbAFT,6.0,2.0,True,3rd,False,False
dzTBqCaIbzv59Hv5,ASHL,vn1dxgLkcLT896eN,VS - D,26v9Srhi6CrYir7u,E3 DIVISION,2026-06-30T03:25:00+00:00,HOME,Spartans HC,z2BOCcHeMPkJflVx,1.0,6.0,True,3rd,False,False
IpPrM6grmdwD8GNi,ASHL,vn1dxgLkcLT896eN,VS - D,26v9Srhi6CrYir7u,E3 DIVISION,2026-07-07T03:25:00+00:00,AWAY,Lazy Pucks,hY6dDRRxlN9YGoiw,0.0,3.0,True,3rd,False,False
OiNHZTVMaVnmx9Gx,ASHL,vn1dxgLkcLT896eN,VS - D,26v9Srhi6CrYir7u,E3 DIVISION,2026-07-12T22:40:00+00:00,HOME,Vipers,rr281gAV79UaqlI7,5.0,0.0,True,3rd,False,False
U8kowVKv6AtWdX3C,ASHL,vn1dxgLkcLT896eN,VS - D,tA1Jx9hCnX2P3oOd,E1 Division,2026-03-31T00:45:00+00:00,AWAY,Buzzards 3.0,49qXsKwChHvpb712,1.0,4.0,True,3rd,False,False
2TZnkiAw7bI94FHC,ASHL,vn1dxgLkcLT896eN,VS - D,tA1Jx9hCnX2P3oOd,E1 Division,2026-04-13T02:45:00+00:00,AWAY,Grey Goose,wDVYIcwWon4vIgQC,3.0,10.0,True,3rd,False,False
KtZf5N2nAUkpJxeC,ASHL,vn1dxgLkcLT896eN,VS - D,PJoYDZuDw2VsiLAK,E1 DIVISION,2025-09-03T04:30:00+00:00,HOME,Fokkers,sEEhuyintKZN1o60,7.0,5.0,True,3rd,False,False
FDEFdqphIWdNiDPf,ASHL,vn1dxgLkcLT896eN,VS - D,PJoYDZuDw2VsiLAK,E1 DIVISION,2025-09-07T02:45:00+00:00,AWAY,Dirty Hoe’rs,xkRWeXM1gl1lA09J,0.0,1.0,True,3rd,False,False
dCT9UWSnkY5MNoBz,ASHL,vn1dxgLkcLT896eN,VS - D,PJoYDZuDw2VsiLAK,E1 DIVISION,2025-09-10T01:45:00+00:00,HOME,Smoked Salmons,4vr9Ad4htC62uoz0,6.0,3.0,True,3rd,False,False
EQthJHv8VMjPaugZ,ASHL,vn1dxgLkcLT896eN,VS - D,PJoYDZuDw2VsiLAK,E1 DIVISION,2025-09-18T03:30:00+00:00,AWAY,SabreCats,MXRjrz0s1lgqwNNH,3.0,5.0,True,3rd,False,False
kTMY53GT0EqfYDsd,ASHL,vn1dxgLkcLT896eN,VS - D,PJoYDZuDw2VsiLAK,E1 DIVISION,2025-09-24T03:30:00+00:00,HOME,Speedy,Xhgf6cKS8vRPXtnI,2.0,7.0,True,3rd,False,False
Nsnayh696WGnQICf,ASHL,vn1dxgLkcLT896eN,VS - D,PJoYDZuDw2VsiLAK,E1 DIVISION,2025-10-02T04:40:00+00:00,AWAY,Mechanical Failures,TNSdosg9S4bw0Fro,3.0,5.0,True,3rd,False,False
vMrrhqvymzi6xrex,ASHL,vn1dxgLkcLT896eN,VS - D,PJoYDZuDw2VsiLAK,E1 DIVISION,2025-10-10T03:40:00+00:00,AWAY,Buzzards 3.0,49qXsKwChHvpb712,2.0,8.0,True,3rd,False,False
d7Bwb8nlLbBdteRf,ASHL,vn1dxgLkcLT896eN,VS - D,PJoYDZuDw2VsiLAK,E1 DIVISION,2025-10-21T04:40:00+00:00,HOME,Crimson Tide,Pqhvkx1nCq1kLiVn,2.0,2.0,True,OT1,True,False
Jf0UHlVeVU7BQS3h,ASHL,vn1dxgLkcLT896eN,VS - D,PJoYDZuDw2VsiLAK,E1 DIVISION,2025-10-27T03:30:00+00:00,AWAY,Fokkers,sEEhuyintKZN1o60,3.0,2.0,True,3rd,False,False
zuslApfyHFIMaOg1,ASHL,vn1dxgLkcLT896eN,VS - D,PJoYDZuDw2VsiLAK,E1 DIVISION,2025-11-06T04:25:00+00:00,HOME,Monkeys,Gf1jaNVN5u37HCcy,3.0,5.0,True,3rd,False,False
rp42VxI7uBnWShNi,ASHL,vn1dxgLkcLT896eN,VS - D,PJoYDZuDw2VsiLAK,E1 DIVISION,2025-11-10T03:15:00+00:00,AWAY,Smoked Salmons,4vr9Ad4htC62uoz0,4.0,5.0,True,OT1,True,False
OPlzMrQj54rqtmfo,ASHL,vn1dxgLkcLT896eN,VS - D,PJoYDZuDw2VsiLAK,E1 DIVISION,2025-11-14T05:45:00+00:00,HOME,Grey Goose,wDVYIcwWon4vIgQC,5.0,4.0,True,3rd,False,False
aMq9curDaz5puRhP,ASHL,vn1dxgLkcLT896eN,VS - D,PJoYDZuDw2VsiLAK,E1 DIVISION,2025-11-18T05:40:00+00:00,AWAY,Ice Pirates,ozIXhcdHvRNEC2Ac,3.0,1.0,True,3rd,False,False
9yYQC7REplm8zRQY,ASHL,vn1dxgLkcLT896eN,VS - D,PJoYDZuDw2VsiLAK,E1 DIVISION,2025-12-03T04:25:00+00:00,HOME,True Builders,qWZ9tR2ZKHS4MK0E,7.0,6.0,True,3rd,False,False
uGchafMLQpgF5HuL,ASHL,vn1dxgLkcLT896eN,VS - D,PJoYDZuDw2VsiLAK,E1 DIVISION,2025-12-16T03:15:00+00:00,AWAY,Speedy,Xhgf6cKS8vRPXtnI,2.0,5.0,True,3rd,False,False
JA2FBXyoXf9hRCGl,ASHL,vn1dxgLkcLT896eN,VS - D,PJoYDZuDw2VsiLAK,E1 DIVISION,2025-12-18T04:15:00+00:00,AWAY,Buzzards 3.0,49qXsKwChHvpb712,3.0,10.0,True,3rd,False,False
V1MLdkLo9veq0vY0,ASHL,vn1dxgLkcLT896eN,VS - D,PJoYDZuDw2VsiLAK,E1 DIVISION,2026-01-06T05:55:00+00:00,HOME,Grey Goose,wDVYIcwWon4vIgQC,2.0,4.0,True,3rd,False,False
hGosU8u0X1jc1xJk,ASHL,vn1dxgLkcLT896eN,VS - D,PJoYDZuDw2VsiLAK,E1 DIVISION,2026-01-13T04:25:00+00:00,AWAY,Smoked Salmons,4vr9Ad4htC62uoz0,4.0,8.0,True,3rd,False,False
Akyn0adLrLbhdpCU,ASHL,vn1dxgLkcLT896eN,VS - D,PJoYDZuDw2VsiLAK,E1 DIVISION,2026-01-22T05:55:00+00:00,HOME,Speedy,Xhgf6cKS8vRPXtnI,5.0,2.0,True,3rd,False,False
9iQdHsN6vIJCsIjt,ASHL,vn1dxgLkcLT896eN,VS - D,PJoYDZuDw2VsiLAK,E1 DIVISION,2026-01-28T04:40:00+00:00,AWAY,Monkeys,Gf1jaNVN5u37HCcy,3.0,4.0,True,3rd,False,False
wK4gL5wSsNqgdMVI,ASHL,vn1dxgLkcLT896eN,VS - D,PJoYDZuDw2VsiLAK,E1 DIVISION,2026-02-05T05:40:00+00:00,AWAY,Buzzards 3.0,49qXsKwChHvpb712,6.0,8.0,True,3rd,False,False
5RNCThlghnFvAN2h,ASHL,vn1dxgLkcLT896eN,VS - D,PJoYDZuDw2VsiLAK,E1 DIVISION,2026-02-13T04:40:00+00:00,HOME,Grey Goose,wDVYIcwWon4vIgQC,2.0,6.0,True,3rd,False,False
n045mNrP9TQhSCRO,ASHL,vn1dxgLkcLT896eN,VS - D,PJoYDZuDw2VsiLAK,E1 DIVISION,2026-02-25T04:40:00+00:00,AWAY,Smoked Salmons,4vr9Ad4htC62uoz0,2.0,9.0,True,3rd,False,False
wVrgKg4px8L0qTXR,ASHL,vn1dxgLkcLT896eN,VS - D,PJoYDZuDw2VsiLAK,E1 DIVISION,2026-03-06T05:45:00+00:00,HOME,Speedy,Xhgf6cKS8vRPXtnI,1.0,2.0,True,OT1,True,False
1IcphEoiVxYa5bTh,ASHL,vn1dxgLkcLT896eN,VS - D,PJoYDZuDw2VsiLAK,E1 DIVISION,2026-03-12T03:25:00+00:00,AWAY,Monkeys,Gf1jaNVN5u37HCcy,2.0,3.0,True,3rd,False,False
5StBEdPIxrkxIcKn,ASHL,vn1dxgLkcLT896eN,VS - D,PJoYDZuDw2VsiLAK,E1 DIVISION,2026-03-17T03:30:00+00:00,HOME,Buzzards 3.0,49qXsKwChHvpb712,4.0,5.0,True,3rd,False,False
GGiBzGlzpUmNR6Ps,ASHL,vn1dxgLkcLT896eN,VS - D,PJoYDZuDw2VsiLAK,E1 DIVISION,2026-03-23T02:45:00+00:00,AWAY,Grey Goose,wDVYIcwWon4vIgQC,5.0,10.0,True,3rd,False,False
ymecD9QX5in4LKSU,ASHL,vn1dxgLkcLT896eN,VS - D,PJoYDZuDw2VsiLAK,E1 DIVISION,2026-03-25T03:15:00+00:00,HOME,Smoked Salmons,4vr9Ad4htC62uoz0,3.0,8.0,True,3rd,False,False
TBL4xuD3uE1tVUiR,ASHL,vn1dxgLkcLT896eN,VS - D,lN9eoYLXtwy0QhOz,E3 Division,2025-07-21T02:15:00+00:00,HOME,The Mafia,VSNDVhwuZkLu8kqa,7.0,1.0,True,3rd,False,False
LJBLmZu6Fmp6XiCo,ASHL,vn1dxgLkcLT896eN,VS - D,lN9eoYLXtwy0QhOz,E3 Division,2025-07-30T03:15:00+00:00,HOME,Bounty Hunters,3JfZutWfhGSWWLmh,6.0,3.0,True,3rd,False,False
NJFpl2AQmxamdcA3,ASHL,vn1dxgLkcLT896eN,VS - D,lN9eoYLXtwy0QhOz,E3 Division,2025-08-07T03:15:00+00:00,HOME,Bounty Hunters,3JfZutWfhGSWWLmh,4.0,1.0,True,3rd,False,False
bRUqmhk7WA1C3hNU,ASHL,vn1dxgLkcLT896eN,VS - D,tw9c3spjLIlc3i4p,D1 DIVISION,2025-06-27T03:45:00+00:00,HOME,The Mafia,VSNDVhwuZkLu8kqa,7.0,1.0,True,3rd,False,False
FrAeger6Vut3yjYu,ASHL,vn1dxgLkcLT896eN,VS - D,H0tpRHlW0Hj7KGHH,E2 DIVISION,2025-05-05T00:25:00+00:00,AWAY,Steamy Weenies,o5UtMpuUXZDDHyyr,3.0,8.0,True,3rd,False,False
YHOtDeG3COaznhOR,ASHL,vn1dxgLkcLT896eN,VS - D,H0tpRHlW0Hj7KGHH,E2 DIVISION,2025-05-13T02:00:00+00:00,HOME,Monkeys,Gf1jaNVN5u37HCcy,3.0,9.0,True,3rd,False,False
kMxyG4gsAMBRdGld,ASHL,vn1dxgLkcLT896eN,VS - D,H0tpRHlW0Hj7KGHH,E2 DIVISION,2025-05-23T03:55:00+00:00,HOME,Spartans HC,z2BOCcHeMPkJflVx,1.0,2.0,True,3rd,False,False
DbUWuxIZEoHqQe2l,ASHL,vn1dxgLkcLT896eN,VS - D,H0tpRHlW0Hj7KGHH,E2 DIVISION,2025-05-27T02:40:00+00:00,HOME,The Mafia,VSNDVhwuZkLu8kqa,9.0,0.0,True,3rd,False,False
sudJgP4p6hQtQFNt,ASHL,vn1dxgLkcLT896eN,VS - D,H0tpRHlW0Hj7KGHH,E2 DIVISION,2025-05-29T03:55:00+00:00,AWAY,Bounty Hunters,3JfZutWfhGSWWLmh,3.0,2.0,True,3rd,False,False
RSLLFfqcuQww0Xji,ASHL,vn1dxgLkcLT896eN,VS - D,H0tpRHlW0Hj7KGHH,E2 DIVISION,2025-06-06T02:15:00+00:00,AWAY,Inglourious Basterds,qx1HJhI93EZMbAFT,5.0,2.0,True,3rd,False,False
uDnFgvpBWI03n5dR,ASHL,vn1dxgLkcLT896eN,VS - D,H0tpRHlW0Hj7KGHH,E2 DIVISION,2025-06-11T01:00:00+00:00,HOME,Steamy Weenies,o5UtMpuUXZDDHyyr,5.0,3.0,True,3rd,False,False
niHEopVwSoXV48so,ASHL,vn1dxgLkcLT896eN,VS - D,t8VKixrMBRCuV5Ag,E3 DIVISION,2025-06-18T03:55:00+00:00,HOME,Inglourious Basterds,qx1HJhI93EZMbAFT,3.0,0.0,True,3rd,False,False
0JJ1Gv9mcE2g1P0t,ASHL,vn1dxgLkcLT896eN,VS - D,t8VKixrMBRCuV5Ag,E3 DIVISION,2025-06-26T02:30:00+00:00,AWAY,Bounty Hunters,3JfZutWfhGSWWLmh,4.0,2.0,True,3rd,False,False
QM2KGkRnv7qmLXgW,ASHL,vn1dxgLkcLT896eN,VS - D,t8VKixrMBRCuV5Ag,E3 DIVISION,2025-07-06T17:25:00+00:00,AWAY,Inglourious Basterds,qx1HJhI93EZMbAFT,1.0,1.0,True,OT1,True,False
xGrOVxOx9Jfv8AWb,ASHL,vn1dxgLkcLT896eN,VS - D,t8VKixrMBRCuV5Ag,E3 DIVISION,2025-07-14T01:25:00+00:00,AWAY,The Mafia,VSNDVhwuZkLu8kqa,10.0,0.0,True,3rd,False,False
6eyH4yUtZVJHRWMD,ASHL,vn1dxgLkcLT896eN,VS - D,Ztk16SnuOBGZLxMw,E2 Division,2025-04-01T03:30:00+00:00,HOME,Bounty Hunters,3JfZutWfhGSWWLmh,3.0,2.0,True,3rd,False,False
rFzy4wHoaVfzGoIR,ASHL,vn1dxgLkcLT896eN,VS - D,Ztk16SnuOBGZLxMw,E2 Division,2025-04-07T01:30:00+00:00,AWAY,Smoked Salmons,4vr9Ad4htC62uoz0,1.0,6.0,True,3rd,False,False
wVXhoLPf8SYt78HS,ASHL,vn1dxgLkcLT896eN,VS - D,Ztk16SnuOBGZLxMw,E2 Division,2025-04-11T03:30:00+00:00,HOME,Spartans,keGsBg7KLBRVkW9x,2.0,1.0,True,3rd,False,False
ijslbsXIQL1IxXrI,ASHL,vn1dxgLkcLT896eN,VS - D,Ztk16SnuOBGZLxMw,E2 Division,2025-04-16T04:00:00+00:00,AWAY,Spartans HC,z2BOCcHeMPkJflVx,7.0,4.0,True,3rd,False,False
qJ3Ca0167kyktu6j,ASHL,vn1dxgLkcLT896eN,VS - D,Ztk16SnuOBGZLxMw,E2 Division,2025-04-22T02:45:00+00:00,AWAY,Fokkers,sEEhuyintKZN1o60,5.0,9.0,True,3rd,False,False
3mAVtJjgX1mEHbNB,ASHL,vn1dxgLkcLT896eN,VS - D,8agxdKzBC3iPFqOU,E2 DIVISION,2024-09-03T01:15:00+00:00,AWAY,Solar Bears,0Aa5O4q76eqZOK7j,5.0,3.0,True,3rd,False,False
HkznFEBqnpF8cr0S,ASHL,vn1dxgLkcLT896eN,VS - D,8agxdKzBC3iPFqOU,E2 DIVISION,2024-09-08T02:30:00+00:00,HOME,Black'n Blues,dwq0ZJ5ZCDmVKxT7,5.0,4.0,True,3rd,False,False
cg5E9n5lfBVWcGuH,ASHL,vn1dxgLkcLT896eN,VS - D,8agxdKzBC3iPFqOU,E2 DIVISION,2024-09-16T03:30:00+00:00,AWAY,Smoked Salmons,4vr9Ad4htC62uoz0,4.0,6.0,True,3rd,False,False
Y5ZGIJjdeCt4fmxp,ASHL,vn1dxgLkcLT896eN,VS - D,8agxdKzBC3iPFqOU,E2 DIVISION,2024-09-18T03:00:00+00:00,HOME,Spartans HC,z2BOCcHeMPkJflVx,2.0,11.0,True,3rd,False,False
fpwRFUpERdi93NwH,ASHL,vn1dxgLkcLT896eN,VS - D,8agxdKzBC3iPFqOU,E2 DIVISION,2024-09-23T01:15:00+00:00,AWAY,Weasels,OKUOuGPxF19yU2Sb,8.0,5.0,True,3rd,False,False
xQ8KAHm9Y2JWgmik,ASHL,vn1dxgLkcLT896eN,VS - D,8agxdKzBC3iPFqOU,E2 DIVISION,2024-10-01T04:45:00+00:00,HOME,Inglourious Basterds,qx1HJhI93EZMbAFT,7.0,1.0,True,3rd,False,False
Bf3C8XYiVJ89dmJa,ASHL,vn1dxgLkcLT896eN,VS - D,8agxdKzBC3iPFqOU,E2 DIVISION,2024-10-07T03:40:00+00:00,HOME,Warbirds,I0YmGYsSYPNl3meG,4.0,1.0,True,3rd,False,False
yAzU2V5OCH5EWFGX,ASHL,vn1dxgLkcLT896eN,VS - D,8agxdKzBC3iPFqOU,E2 DIVISION,2024-10-18T04:55:00+00:00,AWAY,Solar Bears,0Aa5O4q76eqZOK7j,3.0,0.0,True,3rd,False,False
MxUP1lrbfWfl1g3d,ASHL,vn1dxgLkcLT896eN,VS - D,8agxdKzBC3iPFqOU,E2 DIVISION,2024-10-30T03:40:00+00:00,HOME,Black'n Blues,dwq0ZJ5ZCDmVKxT7,2.0,2.0,True,OT1,True,False
WgcvLrRuzwqI2ecM,ASHL,vn1dxgLkcLT896eN,VS - D,8agxdKzBC3iPFqOU,E2 DIVISION,2024-11-05T04:40:00+00:00,AWAY,Smoked Salmons,4vr9Ad4htC62uoz0,3.0,6.0,True,3rd,False,False
xaJrSeUPhB0WX4Gl,ASHL,vn1dxgLkcLT896eN,VS - D,8agxdKzBC3iPFqOU,E2 DIVISION,2024-11-12T04:25:00+00:00,HOME,Spartans HC,z2BOCcHeMPkJflVx,6.0,3.0,True,3rd,False,False
kFZfPeHsjjBEK6HY,ASHL,vn1dxgLkcLT896eN,VS - D,8agxdKzBC3iPFqOU,E2 DIVISION,2024-11-20T05:40:00+00:00,AWAY,Weasels,OKUOuGPxF19yU2Sb,13.0,5.0,True,3rd,False,False
2BIHjILcI5CG9KqG,ASHL,vn1dxgLkcLT896eN,VS - D,8agxdKzBC3iPFqOU,E2 DIVISION,2024-11-29T04:30:00+00:00,HOME,Inglourious Basterds,qx1HJhI93EZMbAFT,2.0,3.0,True,3rd,False,False
Mr8eDZY7s2JxmcCe,ASHL,vn1dxgLkcLT896eN,VS - D,8agxdKzBC3iPFqOU,E2 DIVISION,2024-12-02T05:55:00+00:00,AWAY,Warbirds,I0YmGYsSYPNl3meG,5.0,5.0,True,OT1,True,False
lR8wUCICoVuNeaGC,ASHL,vn1dxgLkcLT896eN,VS - D,8agxdKzBC3iPFqOU,E2 DIVISION,2024-12-09T05:45:00+00:00,HOME,Solar Bears,0Aa5O4q76eqZOK7j,6.0,2.0,True,3rd,False,False
3ZyWlLETvf8MLYzO,ASHL,vn1dxgLkcLT896eN,VS - D,8agxdKzBC3iPFqOU,E2 DIVISION,2024-12-20T03:15:00+00:00,AWAY,Black'n Blues,dwq0ZJ5ZCDmVKxT7,3.0,4.0,True,3rd,False,False
Gve9TVj2byp4oGcz,ASHL,vn1dxgLkcLT896eN,VS - D,8agxdKzBC3iPFqOU,E2 DIVISION,2025-01-09T05:55:00+00:00,HOME,Spartans,keGsBg7KLBRVkW9x,6.0,1.0,True,3rd,False,False
0aKOhMT6BV3sEPoz,ASHL,vn1dxgLkcLT896eN,VS - D,8agxdKzBC3iPFqOU,E2 DIVISION,2025-01-20T02:45:00+00:00,AWAY,Smoked Salmons,4vr9Ad4htC62uoz0,4.0,6.0,True,3rd,False,False
oTSVvST3krrfpeQv,ASHL,vn1dxgLkcLT896eN,VS - D,8agxdKzBC3iPFqOU,E2 DIVISION,2025-01-22T05:40:00+00:00,HOME,Spartans HC,z2BOCcHeMPkJflVx,2.0,6.0,True,3rd,False,False
3zOn5czxuEnVXwxi,ASHL,vn1dxgLkcLT896eN,VS - D,8agxdKzBC3iPFqOU,E2 DIVISION,2025-01-30T04:25:00+00:00,AWAY,Bounty Hunters,3JfZutWfhGSWWLmh,5.0,1.0,True,3rd,False,False
BSs4sf78wHqhVm3R,ASHL,vn1dxgLkcLT896eN,VS - D,8agxdKzBC3iPFqOU,E2 DIVISION,2025-02-14T04:40:00+00:00,HOME,Fokkers,sEEhuyintKZN1o60,2.0,9.0,True,3rd,False,False
UQWM0yE7cxnf4tuV,ASHL,vn1dxgLkcLT896eN,VS - D,8agxdKzBC3iPFqOU,E2 DIVISION,2025-02-20T04:40:00+00:00,AWAY,Spartans,keGsBg7KLBRVkW9x,3.0,3.0,True,OT1,True,False
lhSTIa3UoXH1yZuZ,ASHL,vn1dxgLkcLT896eN,VS - D,8agxdKzBC3iPFqOU,E2 DIVISION,2025-03-04T04:40:00+00:00,AWAY,Smoked Salmons,4vr9Ad4htC62uoz0,2.0,3.0,True,3rd,False,False
GJOuNWUyMNbzQ6Mh,ASHL,vn1dxgLkcLT896eN,VS - D,8agxdKzBC3iPFqOU,E2 DIVISION,2025-03-10T02:45:00+00:00,HOME,Spartans HC,z2BOCcHeMPkJflVx,5.0,2.0,True,3rd,False,False
NUfeqMWyMMbvVoty,ASHL,vn1dxgLkcLT896eN,VS - D,8agxdKzBC3iPFqOU,E2 DIVISION,2025-03-18T02:00:00+00:00,HOME,Bounty Hunters,3JfZutWfhGSWWLmh,1.0,1.0,True,OT1,True,False
8hDe9Z16pC66nfxP,ASHL,vn1dxgLkcLT896eN,VS - D,8agxdKzBC3iPFqOU,E2 DIVISION,2025-03-20T04:30:00+00:00,HOME,Fokkers,sEEhuyintKZN1o60,5.0,3.0,True,3rd,False,False
NfNeeNkhPZZYYvN5,ASHL,vn1dxgLkcLT896eN,VS - D,8agxdKzBC3iPFqOU,E2 DIVISION,2025-03-24T04:15:00+00:00,AWAY,Spartans,keGsBg7KLBRVkW9x,2.0,6.0,True,3rd,False,False
fpLDnLtdxypHJlop,ASHL,vn1dxgLkcLT896eN,VS - D,8agxdKzBC3iPFqOU,E2 DIVISION,2025-03-30T19:15:00+00:00,AWAY,Smoked Salmons,4vr9Ad4htC62uoz0,1.0,7.0,True,3rd,False,False
Ky3SELXKb2kRPvxO,ASHL,vn1dxgLkcLT896eN,VS - D,9wOaSRhERngScbsO,E3 Division,2024-04-10T03:15:00+00:00,HOME,Weasels,OKUOuGPxF19yU2Sb,4.0,2.0,True,3rd,False,False
U2YshktrMAbDHCtU,ASHL,vn1dxgLkcLT896eN,VS - D,9wOaSRhERngScbsO,E3 Division,2024-04-16T03:15:00+00:00,AWAY,Warbirds,I0YmGYsSYPNl3meG,3.0,4.0,True,3rd,False,False
Rv2EMdhgAoYXPGnT,ASHL,vn1dxgLkcLT896eN,VS - D,9wOaSRhERngScbsO,E3 Division,2024-04-21T20:30:00+00:00,HOME,Solar Bears,0Aa5O4q76eqZOK7j,1.0,4.0,True,3rd,False,False
gdMbUuYlhH5UEDN7,ASHL,vn1dxgLkcLT896eN,VS - D,KtHiqdyokcQaRUoB,E2 Division,2023-09-07T03:30:00+00:00,AWAY,Bounty Hunters,3JfZutWfhGSWWLmh,1.0,5.0,True,3rd,False,False
dsAgPJDZ29SWVYjj,ASHL,vn1dxgLkcLT896eN,VS - D,KtHiqdyokcQaRUoB,E2 Division,2023-09-12T02:15:00+00:00,HOME,Fokkers,sEEhuyintKZN1o60,2.0,5.0,True,3rd,False,False
PxSA9dFeeul6ZIeF,ASHL,vn1dxgLkcLT896eN,VS - D,KtHiqdyokcQaRUoB,E2 Division,2023-09-14T04:15:00+00:00,HOME,Spartans HC,z2BOCcHeMPkJflVx,3.0,4.0,True,OT1,True,False
4ipsgmgrAxEGDtUN,ASHL,vn1dxgLkcLT896eN,VS - D,KtHiqdyokcQaRUoB,E2 Division,2023-09-24T20:15:00+00:00,AWAY,Warbirds,I0YmGYsSYPNl3meG,1.0,4.0,True,3rd,False,False
vDGqg7SaIsgqu823,ASHL,vn1dxgLkcLT896eN,VS - D,KtHiqdyokcQaRUoB,E2 Division,2023-09-27T03:15:00+00:00,HOME,Weasels,OKUOuGPxF19yU2Sb,4.0,5.0,True,OT1,True,False
6Z6TtuyUn6fXq6W0,ASHL,vn1dxgLkcLT896eN,VS - D,KtHiqdyokcQaRUoB,E2 Division,2023-10-02T01:45:00+00:00,AWAY,Spartans,keGsBg7KLBRVkW9x,2.0,6.0,True,3rd,False,False
KNxjIV1QoQr5Hzzs,ASHL,vn1dxgLkcLT896eN,VS - D,KtHiqdyokcQaRUoB,E2 Division,2023-10-06T04:40:00+00:00,HOME,Solar Bears,0Aa5O4q76eqZOK7j,3.0,3.0,True,OT1,True,False
CogIvXBcgmDURs15,ASHL,vn1dxgLkcLT896eN,VS - D,KtHiqdyokcQaRUoB,E2 Division,2023-10-16T01:30:00+00:00,HOME,Bounty Hunters,3JfZutWfhGSWWLmh,0.0,2.0,True,3rd,False,False
hwYyWafJdvvNNr8Z,ASHL,vn1dxgLkcLT896eN,VS - D,KtHiqdyokcQaRUoB,E2 Division,2023-10-31T03:40:00+00:00,AWAY,Fokkers,sEEhuyintKZN1o60,1.0,5.0,True,3rd,False,False
VDDaQr8WJLArTwDi,ASHL,vn1dxgLkcLT896eN,VS - D,KtHiqdyokcQaRUoB,E2 Division,2023-11-03T04:55:00+00:00,HOME,Spartans HC,z2BOCcHeMPkJflVx,4.0,6.0,True,3rd,False,False
1EZshe1iThOE3mXD,ASHL,vn1dxgLkcLT896eN,VS - D,KtHiqdyokcQaRUoB,E2 Division,2023-11-14T04:40:00+00:00,HOME,Warbirds,I0YmGYsSYPNl3meG,0.0,4.0,True,3rd,False,False
RykacbNuD6aLLYBP,ASHL,vn1dxgLkcLT896eN,VS - D,KtHiqdyokcQaRUoB,E2 Division,2023-11-20T05:15:00+00:00,AWAY,Weasels,OKUOuGPxF19yU2Sb,4.0,2.0,True,3rd,False,False
kbQixGONTgdvw1Dj,ASHL,vn1dxgLkcLT896eN,VS - D,KtHiqdyokcQaRUoB,E2 Division,2023-11-28T04:25:00+00:00,AWAY,Black'n Blues,dwq0ZJ5ZCDmVKxT7,5.0,2.0,True,3rd,False,False
CJpfDN5WQGirEZzi,ASHL,vn1dxgLkcLT896eN,VS - D,KtHiqdyokcQaRUoB,E2 Division,2023-12-06T05:55:00+00:00,AWAY,Solar Bears,0Aa5O4q76eqZOK7j,6.0,2.0,True,3rd,False,False
ShrB2rmBGVZkyHfH,ASHL,vn1dxgLkcLT896eN,VS - D,KtHiqdyokcQaRUoB,E2 Division,2023-12-17T04:30:00+00:00,HOME,Bounty Hunters,3JfZutWfhGSWWLmh,7.0,4.0,True,3rd,False,False
SDpFskOXz8jqYYBa,ASHL,vn1dxgLkcLT896eN,VS - D,KtHiqdyokcQaRUoB,E2 Division,2023-12-22T05:45:00+00:00,AWAY,Fokkers,sEEhuyintKZN1o60,1.0,5.0,True,3rd,False,False
qWSYHzj5YAWbEs6o,ASHL,vn1dxgLkcLT896eN,VS - D,WWUrU6cjAhR2H5ak,E3 Division,2024-01-11T04:25:00+00:00,AWAY,Solar Bears,0Aa5O4q76eqZOK7j,7.0,1.0,True,3rd,False,False
Yu9Yl78LGfMWbm5M,ASHL,vn1dxgLkcLT896eN,VS - D,WWUrU6cjAhR2H5ak,E3 Division,2024-01-18T04:25:00+00:00,HOME,Spartans HC,z2BOCcHeMPkJflVx,3.0,5.0,True,3rd,False,False
PeM6FbuvbKjAlapA,ASHL,vn1dxgLkcLT896eN,VS - D,WWUrU6cjAhR2H5ak,E3 Division,2024-01-25T05:40:00+00:00,HOME,Black'n Blues,dwq0ZJ5ZCDmVKxT7,1.0,2.0,True,3rd,False,False
iruZE0xO7VPsRWNJ,ASHL,vn1dxgLkcLT896eN,VS - D,WWUrU6cjAhR2H5ak,E3 Division,2024-02-06T05:40:00+00:00,AWAY,Weasels,OKUOuGPxF19yU2Sb,1.0,2.0,True,3rd,False,False
Lw4ua6oHODy4hNKM,ASHL,vn1dxgLkcLT896eN,VS - D,WWUrU6cjAhR2H5ak,E3 Division,2024-02-15T04:40:00+00:00,HOME,Warbirds,I0YmGYsSYPNl3meG,7.0,6.0,True,3rd,False,False
0k7bBK95o6DoD10z,ASHL,vn1dxgLkcLT896eN,VS - D,WWUrU6cjAhR2H5ak,E3 Division,2024-02-27T04:40:00+00:00,AWAY,Solar Bears,0Aa5O4q76eqZOK7j,6.0,0.0,True,3rd,False,False
tBb0wESvJOsic8bR,ASHL,vn1dxgLkcLT896eN,VS - D,WWUrU6cjAhR2H5ak,E3 Division,2024-03-07T04:40:00+00:00,HOME,Spartans HC,z2BOCcHeMPkJflVx,4.0,4.0,True,OT1,True,False
H6VKqt4nRsXlFGjw,ASHL,vn1dxgLkcLT896eN,VS - D,WWUrU6cjAhR2H5ak,E3 Division,2024-03-11T01:45:00+00:00,AWAY,Black'n Blues,dwq0ZJ5ZCDmVKxT7,2.0,3.0,True,3rd,False,False
ODpi6mVoFpNnVHlz,ASHL,vn1dxgLkcLT896eN,VS - D,WWUrU6cjAhR2H5ak,E3 Division,2024-03-20T01:00:00+00:00,HOME,Weasels,OKUOuGPxF19yU2Sb,5.0,2.0,True,3rd,False,False
hbBnVdPj3i0U8vK6,ASHL,vn1dxgLkcLT896eN,VS - D,WWUrU6cjAhR2H5ak,E3 Division,2024-03-24T20:45:00+00:00,HOME,Warbirds,I0YmGYsSYPNl3meG,1.0,4.0,True,3rd,False,False
AOb4dBEBLHvHhMdw,ASHL,vn1dxgLkcLT896eN,VS - D,WWUrU6cjAhR2H5ak,E3 Division,2024-03-28T03:15:00+00:00,AWAY,Solar Bears,0Aa5O4q76eqZOK7j,7.0,4.0,True,3rd,False,False
eOxvvkkGk1PpwUw9,ASHL,vn1dxgLkcLT896eN,VS - D,WWUrU6cjAhR2H5ak,E3 Division,2024-04-05T04:00:00+00:00,AWAY,Spartans HC,z2BOCcHeMPkJflVx,2.0,7.0,True,3rd,False,False
YktG7M0WRL7toyW9,ASHL,vn1dxgLkcLT896eN,VS - D,avaHk5n0M0QQUIbJ,Div E2,2023-07-25T02:15:00+00:00,HOME,Spartans,keGsBg7KLBRVkW9x,3.0,5.0,True,3rd,False,False
KgaG6D78uoX0nfNh,ASHL,vn1dxgLkcLT896eN,VS - D,avaHk5n0M0QQUIbJ,Div E2,2023-07-28T01:00:00+00:00,AWAY,Member Berries,DOl3L0Z9bcT7g37y,4.0,1.0,True,3rd,False,False
Nl9epbRmjAQtZSDR,ASHL,vn1dxgLkcLT896eN,VS - D,avaHk5n0M0QQUIbJ,Div E2,2023-07-31T02:00:00+00:00,AWAY,Buffalos,kswPWCm9Rr0jghuc,3.0,1.0,True,3rd,False,False
mmuM4asFlqC3sXJ0,ASHL,vn1dxgLkcLT896eN,VS - D,avaHk5n0M0QQUIbJ,Div E2,2023-08-03T03:30:00+00:00,AWAY,Spartans HC,z2BOCcHeMPkJflVx,8.0,2.0,True,3rd,False,False
eTorwiV17qYYfDEO,ASHL,vn1dxgLkcLT896eN,VS - D,avaHk5n0M0QQUIbJ,Div E2,2023-08-10T01:00:00+00:00,AWAY,Smoked Salmons,4vr9Ad4htC62uoz0,4.0,5.0,True,OT1,True,True
QnO8bfNYo4U0LK6R,ASHL,vn1dxgLkcLT896eN,VS - D,tQQPVEU1leWuqYKa,Div E2,2023-05-03T02:00:00+00:00,AWAY,Drill Bits,OkiF6GOHNSSC8rtp,2.0,7.0,True,3rd,False,False
49NjSffBQDmmrxKL,ASHL,vn1dxgLkcLT896eN,VS - D,tQQPVEU1leWuqYKa,Div E2,2023-05-08T02:30:00+00:00,HOME,Bounty Hunters,3JfZutWfhGSWWLmh,4.0,3.0,True,3rd,False,False
G00VPxlAomOBbAk1,ASHL,vn1dxgLkcLT896eN,VS - D,tQQPVEU1leWuqYKa,Div E2,2023-05-19T02:40:00+00:00,AWAY,Spartans HC,z2BOCcHeMPkJflVx,5.0,4.0,True,OT1,True,False
2fPD0rFg9JzbgBKJ,ASHL,vn1dxgLkcLT896eN,VS - D,tQQPVEU1leWuqYKa,Div E2,2023-06-01T02:40:00+00:00,HOME,Buffalos,kswPWCm9Rr0jghuc,6.0,4.0,True,3rd,False,False
UAyXcioK1Bp983CG,ASHL,vn1dxgLkcLT896eN,VS - D,tQQPVEU1leWuqYKa,Div E2,2023-06-07T03:00:00+00:00,AWAY,Spartans,keGsBg7KLBRVkW9x,6.0,1.0,True,3rd,False,False
ib36si7bZYWydKyz,ASHL,vn1dxgLkcLT896eN,VS - D,tQQPVEU1leWuqYKa,Div E2,2023-06-13T03:15:00+00:00,HOME,Smoked Salmons,4vr9Ad4htC62uoz0,3.0,6.0,True,3rd,False,False
xWRsjpMl0doXArYb,ASHL,vn1dxgLkcLT896eN,VS - D,tQQPVEU1leWuqYKa,Div E2,2023-06-23T03:30:00+00:00,AWAY,Bounty Hunters,3JfZutWfhGSWWLmh,2.0,1.0,True,3rd,False,False
InERYEbPLYIZPxbv,ASHL,vn1dxgLkcLT896eN,VS - D,tQQPVEU1leWuqYKa,Div E2,2023-06-29T02:00:00+00:00,HOME,Spartans HC,z2BOCcHeMPkJflVx,0.0,6.0,True,3rd,False,False
HJdlOhHffFF5qYBz,ASHL,vn1dxgLkcLT896eN,VS - D,tQQPVEU1leWuqYKa,Div E2,2023-07-05T03:15:00+00:00,AWAY,Buffalos,kswPWCm9Rr0jghuc,4.0,3.0,True,3rd,False,False
83PAerXAlZWH9A5T,ASHL,vn1dxgLkcLT896eN,VS - D,tQQPVEU1leWuqYKa,Div E2,2023-07-09T19:45:00+00:00,HOME,Spartans,keGsBg7KLBRVkW9x,8.0,2.0,True,3rd,False,False
ukw5oEEVNOU8idKw,ASHL,vn1dxgLkcLT896eN,VS - D,tQQPVEU1leWuqYKa,Div E2,2023-07-14T01:15:00+00:00,HOME,Smoked Salmons,4vr9Ad4htC62uoz0,5.0,4.0,True,3rd,False,False
22L4MOKjyYLkWLqN,ASHL,vn1dxgLkcLT896eN,VS - D,tQQPVEU1leWuqYKa,Div E2,2023-07-18T03:30:00+00:00,HOME,Buffalos,kswPWCm9Rr0jghuc,3.0,6.0,True,3rd,False,False
xRRifsgyFHxFwFUJ,ASHL,vn1dxgLkcLT896eN,VS - D,tQQPVEU1leWuqYKa,Div E2,2023-07-20T01:00:00+00:00,AWAY,Member Berries,DOl3L0Z9bcT7g37y,6.0,4.0,True,3rd,False,False
