game_id,league,team_id,season_id,label,date,time,arena,home_away,opponent,result,score_for,score_against
99266,NCHL,25649,147,VS - E,"Tue, Sep 12 2023",10:30 PM,BOW,HOME,Browns,W,8.0,6.0
99414,NCHL,25649,147,VS - E,"Fri, Sep 22 2023",10:30 PM,BOW,AWAY,C-Men,L,7.0,1.0
99423,NCHL,25649,147,VS - E,"Sat, Sep 23 2023",7:45 PM,WEH,AWAY,Bruise Brothers,L,5.0,2.0
99240,NCHL,25649,147,VS - E,"Wed, Oct 4 2023",10:30 PM,BOW,HOME,Dermaphia 3,L,4.0,2.0
99443,NCHL,25649,147,VS - E,"Tue, Oct 10 2023",10:15 PM,WEH,AWAY,Cookie Dusters,L,8.0,0.0
99468,NCHL,25649,147,VS - E,"Tue, Oct 17 2023",10:30 PM,BOW,AWAY,Browns,L,4.0,2.0
99294,NCHL,25649,147,VS - E,"Fri, Oct 20 2023",9:45 PM,WEH,HOME,Team Carlos,W,6.0,4.0
99477,NCHL,25649,147,VS - E,"Sat, Oct 28 2023",7:45 PM,WEH,HOME,Bruise Brothers,L,3.0,1.0
99489,NCHL,25649,147,VS - E,"Wed, Nov 1 2023",10:30 PM,BOW,AWAY,Dermaphia 3,L,6.0,3.0
99329,NCHL,25649,147,VS - E,"Tue, Nov 7 2023",10:15 PM,WEH,HOME,Cookie Dusters,W,4.0,2.0
99352,NCHL,25649,147,VS - E,"Tue, Nov 14 2023",10:30 PM,BOW,HOME,Browns,L,9.0,1.0
99520,NCHL,25649,147,VS - E,"Sat, Nov 18 2023",7:45 PM,WEH,HOME,Team Carlos,L,9.0,2.0
99360,NCHL,25649,147,VS - E,"Sat, Nov 25 2023",7:45 PM,WEH,HOME,Bruise Brothers,L,12.0,2.0
99542,NCHL,25649,147,VS - E,"Sun, Dec 3 2023",10:30 PM,FCR,HOME,Dermaphia 3,T,4.0,4.0
99551,NCHL,25649,147,VS - E,"Wed, Dec 6 2023",10:30 PM,BOW,AWAY,Dermaphia 3,L,6.0,3.0
99387,NCHL,25649,147,VS - E,"Tue, Dec 12 2023",10:30 PM,BOW,AWAY,Browns,W,4.0,2.0
100611,NCHL,25649,147,VS - E,"Thu, Dec 21 2023",10:30 PM,BOW,AWAY,Westside Playas,W,7.0,4.0
101051,NCHL,25649,147,VS - E,"Sun, Jan 7 2024",9:15 PM,OVA,AWAY,One Man Wolf Pack HC,L,5.0,2.0
101062,NCHL,25649,147,VS - E,"Thu, Jan 11 2024",9:45 PM,WEH,AWAY,Crush,W,4.0,3.0
100856,NCHL,25649,147,VS - E,"Fri, Jan 19 2024",8:15 PM,WEH,HOME,Lightning,W,8.0,7.0
100975,NCHL,25649,147,VS - E,"Thu, Jan 25 2024",10:30 PM,BOW,AWAY,Westside Playas,L,3.0,0.0
100987,NCHL,25649,147,VS - E,"Sat, Jan 27 2024",9:15 PM,WEH,AWAY,Mustangs,L,2.0,1.0
100881,NCHL,25649,147,VS - E,"Sun, Feb 4 2024",9:15 PM,OVA,HOME,One Man Wolf Pack HC,L,5.0,2.0
101011,NCHL,25649,147,VS - E,"Thu, Feb 15 2024",9:45 PM,WEH,HOME,Crush,W,7.0,1.0
101030,NCHL,25649,147,VS - E,"Thu, Feb 22 2024",9:45 PM,WEH,AWAY,Lightning,W,4.0,2.0
100948,NCHL,25649,147,VS - E,"Thu, Feb 29 2024",10:30 PM,BOW,HOME,Westside Playas,W,8.0,1.0
100966,NCHL,25649,147,VS - E,"Tue, Mar 5 2024",10:15 PM,WEH,HOME,Browns,L,10.0,2.0
101085,NCHL,25649,147,VS - E,"Sun, Mar 10 2024",9:15 PM,OVA,AWAY,One Man Wolf Pack HC,L,4.0,2.0
100914,NCHL,25649,147,VS - E,"Thu, Mar 21 2024",9:45 PM,WEH,AWAY,Crush,W,1.0,0.0
100925,NCHL,25649,147,VS - E,"Sun, Mar 24 2024",10:45 PM,WEH,HOME,Lightning,L,6.0,4.0
102475,NCHL,25649,148,VS - E,"Thu, Apr 4 2024",8:45 PM,WEH,HOME,Westside Playas,W,10.0,2.0
102490,NCHL,25649,148,VS - E,"Wed, Apr 10 2024",8:15 PM,WEH,AWAY,One Man Wolf Pack HC,W,3.0,2.0
102501,NCHL,25649,148,VS - E,"Sun, Apr 14 2024",8:00 PM,WEH,AWAY,Lightning,OTL,3.0,2.0
102830,NCHL,25649,149,VS - E,"Thu, May 2 2024",8:45 PM,WEH,AWAY,Danglin Wranglers,L,7.0,4.0
102847,NCHL,25649,149,VS - E,"Tue, May 14 2024",8:45 PM,WEH,AWAY,Atomic Bombers,W,10.0,4.0
102648,NCHL,25649,149,VS - E,"Wed, May 22 2024",6:45 PM,BOW,HOME,Seals,W,9.0,2.0
102663,NCHL,25649,149,VS - E,"Wed, May 29 2024",8:15 PM,BOW,HOME,Lumberjacked,W,8.0,4.0
102857,NCHL,25649,149,VS - E,"Wed, Jun 5 2024",6:45 PM,WEH,HOME,Postbusters,W,7.0,0.0
102681,NCHL,25649,149,VS - E,"Tue, Jun 18 2024",6:45 PM,WEH,HOME,Victorious Secrets II,W,3.0,0.0
102683,NCHL,25649,149,VS - E,"Wed, Jun 19 2024",6:45 PM,BOW,HOME,Danglin Wranglers,L,4.0,3.0
102769,NCHL,25649,149,VS - E,"Tue, Jun 25 2024",8:15 PM,WEH,HOME,Atomic Bombers,W,9.0,1.0
102781,NCHL,25649,149,VS - E,"Thu, Jun 27 2024",9:45 PM,WEH,AWAY,Zombies,W,7.0,1.0
102854,NCHL,25649,149,VS - E,"Fri, Jul 5 2024",8:45 PM,WEH,AWAY,C-Hawks,L,4.0,3.0
102727,NCHL,25649,149,VS - E,"Wed, Jul 10 2024",8:15 PM,WEH,AWAY,Westside Playas,W,4.0,3.0
102794,NCHL,25649,149,VS - E,"Mon, Jul 15 2024",6:45 PM,WEH,AWAY,Bulls,T,4.0,4.0
102635,NCHL,25649,149,VS - E,"Wed, Jul 24 2024",9:45 PM,BOW,AWAY,C-Hawks,W,8.0,1.0
102698,NCHL,25649,149,VS - E,"Thu, Jul 25 2024",8:15 PM,BOW,AWAY,Westside Playas,W,4.0,0.0
103600,NCHL,25649,154,VS - E,"Thu, Aug 1 2024",6:45 PM,WEH,HOME,Bulls,L,4.0,1.0
104157,NCHL,25649,155,VS - E,"Fri, Sep 13 2024",9:45 PM,WEH,HOME,Mustangs,L,3.0,1.0
104245,NCHL,25649,155,VS - E,"Fri, Sep 20 2024",9:45 PM,WEH,AWAY,Lightning,L,6.0,0.0
104271,NCHL,25649,155,VS - E,"Fri, Sep 27 2024",9:45 PM,WEH,HOME,Danglin Wranglers,L,3.0,0.0
104298,NCHL,25649,155,VS - E,"Thu, Oct 3 2024",10:30 PM,BOW,HOME,Westside Playas,L,4.0,1.0
104413,NCHL,25649,155,VS - E,"Fri, Oct 11 2024",9:45 PM,WEH,HOME,Zombies II,W,6.0,4.0
104424,NCHL,25649,155,VS - E,"Sun, Oct 13 2024",10:00 PM,CRO,AWAY,Bulls,L,3.0,0.0
104191,NCHL,25649,155,VS - E,"Fri, Oct 18 2024",9:45 PM,WEH,HOME,Disco Bears,W,9.0,0.0
104310,NCHL,25649,155,VS - E,"Fri, Oct 25 2024",9:45 PM,WEH,AWAY,SwashPucklers,W,12.0,1.0
104426,NCHL,25649,155,VS - E,"Fri, Nov 1 2024",10:30 PM,BOW,AWAY,Disco Bears,W,7.0,4.0
104450,NCHL,25649,155,VS - E,"Fri, Nov 8 2024",9:45 PM,WEH,AWAY,Zombies II,L,5.0,4.0
104355,NCHL,25649,155,VS - E,"Sat, Nov 16 2024",7:00 PM,OVA,HOME,Tigers,L,7.0,0.0
104469,NCHL,25649,155,VS - E,"Fri, Nov 22 2024",9:45 PM,WEH,AWAY,Seals,L,3.0,2.0
104219,NCHL,25649,155,VS - E,"Fri, Nov 29 2024",8:15 PM,WEH,AWAY,Victorious Secrets IV,W,7.0,2.0
104233,NCHL,25649,155,VS - E,"Sun, Dec 1 2024",10:30 PM,BOW,HOME,Disco Bears,W,4.0,3.0
104369,NCHL,25649,155,VS - E,"Fri, Dec 6 2024",9:45 PM,WEH,HOME,Zombies II,W,5.0,0.0
105089,NCHL,25649,155,VS - E,"Thu, Dec 19 2024",10:30 PM,BOW,AWAY,Beers North,T,4.0,4.0
104489,NCHL,25649,155,VS - E,"Fri, Dec 20 2024",11:15 PM,WEH,AWAY,Tigers,L,5.0,4.0
105133,NCHL,25649,155,VS - E,"Tue, Jan 7 2025",10:30 PM,BOW,HOME,Seals,W,4.0,0.0
105141,NCHL,25649,155,VS - E,"Fri, Jan 10 2025",9:45 PM,WEH,HOME,Plum Sauce Kittens,L,9.0,3.0
105264,NCHL,25649,155,VS - E,"Fri, Jan 17 2025",10:30 PM,BOW,AWAY,AirSprint Hockey Club,L,6.0,3.0
105315,NCHL,25649,155,VS - E,"Fri, Jan 24 2025",9:45 PM,WEH,HOME,Plum Sauce Kittens,T,3.0,3.0
105145,NCHL,25649,155,VS - E,"Fri, Jan 31 2025",9:45 PM,WEH,HOME,Beers North,W,3.0,2.0
105166,NCHL,25649,155,VS - E,"Fri, Feb 7 2025",8:15 PM,WEH,HOME,Seals,W,5.0,3.0
105291,NCHL,25649,155,VS - E,"Fri, Feb 14 2025",9:45 PM,WEH,AWAY,Plum Sauce Kittens,W,3.0,2.0
105342,NCHL,25649,155,VS - E,"Fri, Feb 21 2025",10:30 PM,BOW,HOME,AirSprint Hockey Club,L,6.0,4.0
105175,NCHL,25649,155,VS - E,"Fri, Feb 28 2025",9:45 PM,WEH,AWAY,Lightning,L,8.0,3.0
105194,NCHL,25649,155,VS - E,"Thu, Mar 6 2025",10:30 PM,BOW,AWAY,Beers North,L,5.0,4.0
105367,NCHL,25649,155,VS - E,"Fri, Mar 14 2025",8:15 PM,WEH,AWAY,Tigers,L,11.0,1.0
105390,NCHL,25649,155,VS - E,"Fri, Mar 21 2025",9:45 PM,WEH,HOME,Plum Sauce Kittens,L,5.0,2.0
105230,NCHL,25649,155,VS - E,"Mon, Mar 31 2025",10:45 PM,WEH,AWAY,Westside Playas,L,5.0,0.0
107272,NCHL,25649,160,VS - E,"Fri, Apr 4 2025",10:30 PM,WEH,AWAY,Lightning,L,9.0,0.0
109680,NCHL,25649,161,VS - E,"Tue, May 6 2025",8:45 PM,WEH,AWAY,Beers North,W,9.0,6.0
109696,NCHL,25649,161,VS - E,"Tue, May 13 2025",8:45 PM,WEH,HOME,Plum Sauce Kittens,L,6.0,1.0
109120,NCHL,25649,161,VS - E,"Thu, May 15 2025",8:45 PM,WEH,AWAY,Plum Sauce Kittens,L,7.0,1.0
109134,NCHL,25649,161,VS - E,"Wed, May 21 2025",8:15 PM,WEH,HOME,Beers North,T,2.0,2.0
109393,NCHL,25649,161,VS - E,"Wed, May 28 2025",8:15 PM,BOW,HOME,Lazer Sharks,OTL,4.0,3.0
109407,NCHL,25649,161,VS - E,"Tue, Jun 3 2025",8:15 PM,WEH,AWAY,Sher HC,L,4.0,1.0
109430,NCHL,25649,161,VS - E,"Wed, Jun 11 2025",6:45 PM,WEH,HOME,Heat,W,3.0,2.0
109439,NCHL,25649,161,VS - E,"Mon, Jun 16 2025",6:45 PM,BOW,AWAY,Les Boys,L,7.0,1.0
109154,NCHL,25649,161,VS - E,"Thu, Jun 19 2025",8:15 PM,BOW,AWAY,Seals,W,6.0,3.0
109708,NCHL,25649,161,VS - E,"Thu, Jun 26 2025",6:45 PM,WEH,HOME,Fury,W,5.0,2.0
109444,NCHL,25649,161,VS - E,"Thu, Jul 3 2025",8:15 PM,WEH,AWAY,Westside Playas,W,5.0,4.0
109451,NCHL,25649,161,VS - E,"Tue, Jul 8 2025",9:45 PM,WEH,AWAY,Fury,T,5.0,5.0
109110,NCHL,25649,161,VS - E,"Thu, Jul 17 2025",9:45 PM,WEH,HOME,Heat,W,4.0,0.0
109191,NCHL,25649,161,VS - E,"Wed, Jul 23 2025",8:15 PM,WEH,HOME,Seals,W,6.0,1.0
109728,NCHL,25649,162,VS - E,"Tue, Jul 29 2025",9:45 PM,WEH,HOME,Fury,OTL,4.0,3.0
111254,NCHL,25649,163,VS - E,"Sat, Sep 13 2025",7:45 PM,WEH,AWAY,Mustangs,L,7.0,0.0
111269,NCHL,25649,163,VS - E,"Tue, Sep 16 2025",10:30 PM,BOW,AWAY,Beerstained Bears,L,6.0,1.0
110978,NCHL,25649,163,VS - E,"Tue, Sep 23 2025",10:30 PM,BOW,HOME,Gangrene,L,10.0,3.0
111108,NCHL,25649,163,VS - E,"Tue, Sep 30 2025",10:30 PM,BOW,HOME,Westside Playas,W,9.0,1.0
111123,NCHL,25649,163,VS - E,"Sun, Oct 5 2025",9:15 PM,WEH,AWAY,Beers North,L,8.0,2.0
111295,NCHL,25649,163,VS - E,"Tue, Oct 14 2025",10:15 PM,WEH,HOME,Seals,OTL,3.0,2.0
111317,NCHL,25649,163,VS - E,"Sun, Oct 19 2025",10:45 PM,WEH,AWAY,Mustangs,L,5.0,3.0
111336,NCHL,25649,163,VS - E,"Sun, Oct 26 2025",9:15 PM,WEH,AWAY,Danglin Wranglers,OTL,6.0,5.0
111027,NCHL,25649,163,VS - E,"Wed, Nov 5 2025",10:15 PM,RKY,AWAY,Heat,L,6.0,5.0
111144,NCHL,25649,163,VS - E,"Sun, Nov 9 2025",9:15 PM,WEH,HOME,Beers North,L,1.0,0.0
111160,NCHL,25649,163,VS - E,"Sat, Nov 15 2025",7:45 PM,WEH,AWAY,Seals,L,6.0,3.0
111352,NCHL,25649,163,VS - E,"Sun, Nov 23 2025",9:15 PM,WEH,HOME,Atta Boy Blue,W,7.0,2.0
111034,NCHL,25649,163,VS - E,"Sun, Nov 30 2025",9:15 PM,WEH,HOME,Westside Playas,W,7.0,5.0
111046,NCHL,25649,163,VS - E,"Thu, Dec 4 2025",9:45 PM,WEH,AWAY,SwashPucklers,W,3.0,1.0
111188,NCHL,25649,163,VS - E,"Sun, Dec 14 2025",9:15 PM,WEH,HOME,Victorious Secrets IV,W,4.0,2.0
111380,NCHL,25649,163,VS - E,"Sun, Dec 21 2025",9:15 PM,WEH,HOME,Atta Boy Blue,OTL,4.0,3.0
111666,NCHL,25649,163,VS - E,"Tue, Dec 23 2025",10:30 PM,BOW,HOME,Atta Boy Blue,L,3.0,2.0
112637,NCHL,25649,163,VS - E,"Sun, Jan 11 2026",9:15 PM,WEH,AWAY,Danglin Wranglers,L,5.0,3.0
112902,NCHL,25649,163,VS - E,"Sun, Jan 18 2026",9:15 PM,WEH,HOME,Heat,L,6.0,3.0
112211,NCHL,25649,163,VS - E,"Sun, Jan 25 2026",9:15 PM,WEH,HOME,SwashPucklers,L,7.0,6.0
112235,NCHL,25649,163,VS - E,"Sat, Jan 31 2026",8:30 PM,OVA,HOME,Generals,L,6.0,1.0
112920,NCHL,25649,163,VS - E,"Sun, Feb 1 2026",9:15 PM,WEH,HOME,Beers North,W,5.0,3.0
112947,NCHL,25649,163,VS - E,"Sun, Feb 8 2026",9:15 PM,WEH,HOME,Atta Boy Blue,W,11.0,2.0
112255,NCHL,25649,163,VS - E,"Sun, Feb 15 2026",9:15 PM,WEH,AWAY,Victorious Secrets IV,W,4.0,2.0
112959,NCHL,25649,163,VS - E,"Sun, Feb 22 2026",9:15 PM,WEH,AWAY,Westside Playas,W,6.0,2.0
112983,NCHL,25649,163,VS - E,"Sun, Mar 1 2026",9:15 PM,WEH,AWAY,Generals,L,6.0,4.0
112285,NCHL,25649,163,VS - E,"Sat, Mar 7 2026",9:15 PM,WEH,AWAY,Beers North,L,5.0,3.0
113001,NCHL,25649,163,VS - E,"Sun, Mar 15 2026",9:15 PM,WEH,AWAY,Danglin Wranglers,L,4.0,3.0
112308,NCHL,25649,163,VS - E,"Sun, Mar 22 2026",9:15 PM,WEH,HOME,Heat,W,6.0,0.0
112331,NCHL,25649,163,VS - E,"Sun, Mar 29 2026",9:15 PM,WEH,HOME,SwashPucklers,W,9.0,2.0
113063,NCHL,25649,164,VS - E,"Sun, Apr 5 2026",6:30 PM,WEH,AWAY,SwashPucklers,W,7.0,3.0
113102,NCHL,25649,164,VS - E,"Sat, Apr 11 2026",9:15 PM,WEH,AWAY,Generals,W,7.0,2.0
113128,NCHL,25649,164,VS - E,"Thu, Apr 16 2026",10:15 PM,WEH,AWAY,Heat,OTL,2.0,1.0
113196,NCHL,25649,165,VS - E,"Mon, May 11 2026",6:45 PM,BOW,HOME,Beers North,T,4.0,4.0
113205,NCHL,25649,165,VS - E,"Wed, May 13 2026",8:15 PM,WEH,HOME,Heat,L,5.0,1.0
113228,NCHL,25649,165,VS - E,"Mon, May 25 2026",6:45 PM,BOW,HOME,Atta Boy Blue,T,3.0,3.0
113242,NCHL,25649,165,VS - E,"Thu, May 28 2026",8:45 PM,WEH,HOME,Seals,OTL,3.0,2.0
113257,NCHL,25649,165,VS - E,"Thu, Jun 4 2026",6:45 PM,BOW,AWAY,Beers North,W,6.0,2.0
113275,NCHL,25649,165,VS - E,"Wed, Jun 10 2026",8:15 PM,BOW,AWAY,Gangrene,L,4.0,1.0
113297,NCHL,25649,165,VS - E,"Wed, Jun 17 2026",8:15 PM,BOW,AWAY,Heated Rivals,W,6.0,1.0
113304,NCHL,25649,165,VS - E,"Thu, Jun 18 2026",9:45 PM,BOW,AWAY,Seals,T,4.0,4.0
113334,NCHL,25649,165,VS - E,"Thu, Jul 2 2026",6:45 PM,BOW,HOME,Heat,L,5.0,0.0
113355,NCHL,25649,165,VS - E,"Thu, Jul 9 2026",6:45 PM,BOW,AWAY,Atta Boy Blue,L,8.0,2.0
113368,NCHL,25649,165,VS - E,"Mon, Jul 13 2026",8:15 PM,WEH,HOME,Seals,L,3.0,1.0
113391,NCHL,25649,165,VS - E,"Mon, Jul 20 2026",6:45 PM,WEH,AWAY,Seal Team Sticks,,,
113410,NCHL,25649,165,VS - E,"Fri, Jul 24 2026",8:15 PM,WEH,AWAY,Tangerine Legion,,,
113428,NCHL,25649,165,VS - E,"Wed, Jul 29 2026",8:15 PM,WEH,AWAY,Gangrene,,,
99273,NCHL,25655,147,VS - F,"Fri, Sep 15 2023",10:30 PM,OVA,HOME,Mustangs,L,8.0,2.0
99287,NCHL,25655,147,VS - F,"Mon, Sep 18 2023",10:15 PM,CRO,AWAY,One Man Wolf Pack HC,L,6.0,1.0
99439,NCHL,25655,147,VS - F,"Thu, Sep 28 2023",9:45 PM,WEH,AWAY,Crush,L,8.0,6.0
99237,NCHL,25655,147,VS - F,"Mon, Oct 2 2023",10:45 PM,WEH,HOME,Lightning,OTL,6.0,5.0
99446,NCHL,25655,147,VS - F,"Thu, Oct 12 2023",10:30 PM,BOW,AWAY,Westside Playas,L,11.0,3.0
99459,NCHL,25655,147,VS - F,"Sat, Oct 14 2023",9:15 PM,WEH,AWAY,Mustangs,OTL,3.0,2.0
99303,NCHL,25655,147,VS - F,"Sun, Oct 22 2023",10:30 PM,FCR,HOME,Mighty Pucks,L,8.0,5.0
99316,NCHL,25655,147,VS - F,"Thu, Oct 26 2023",9:45 PM,WEH,HOME,C-Hawks,L,3.0,1.0
99499,NCHL,25655,147,VS - F,"Sat, Nov 4 2023",7:00 PM,OVA,AWAY,Beers North,L,7.0,0.0
99341,NCHL,25655,147,VS - F,"Sat, Nov 11 2023",8:30 PM,OVA,HOME,Seals,W,6.0,2.0
99510,NCHL,25655,147,VS - F,"Thu, Nov 16 2023",9:45 PM,WEH,HOME,Zombies II,W,6.0,3.0
99525,NCHL,25655,147,VS - F,"Sun, Nov 19 2023",9:15 PM,WEH,AWAY,Mighty Pucks,L,2.0,1.0
99366,NCHL,25655,147,VS - F,"Sun, Nov 26 2023",10:45 PM,WEH,HOME,C-Hawks,T,3.0,3.0
99545,NCHL,25655,147,VS - F,"Sun, Dec 3 2023",10:45 PM,WEH,HOME,Beers North,W,3.0,2.0
99570,NCHL,25655,147,VS - F,"Sun, Dec 10 2023",10:45 PM,WEH,AWAY,Seals,L,5.0,4.0
99404,NCHL,25655,147,VS - F,"Sat, Dec 16 2023",9:15 PM,WEH,AWAY,Zombies II,L,8.0,2.0
100618,NCHL,25655,147,VS - F,"Sat, Dec 23 2023",6:45 PM,BRW,AWAY,Punishers,W,10.0,2.0
101043,NCHL,25655,147,VS - F,"Fri, Jan 5 2024",9:45 PM,WEH,AWAY,Atomic Bombers,W,6.0,3.0
101066,NCHL,25655,147,VS - F,"Sat, Jan 13 2024",9:45 PM,BRW,AWAY,Punishers,W,9.0,3.0
100859,NCHL,25655,147,VS - F,"Sat, Jan 20 2024",7:00 PM,OVA,HOME,Saucey Minks,T,3.0,3.0
100980,NCHL,25655,147,VS - F,"Fri, Jan 26 2024",9:45 PM,WEH,AWAY,Atomic Bombers,W,6.0,5.0
100872,NCHL,25655,147,VS - F,"Sat, Feb 3 2024",9:45 PM,BRW,HOME,Punishers,W,6.0,2.0
100889,NCHL,25655,147,VS - F,"Wed, Feb 7 2024",10:15 PM,RKY,HOME,Saucey Minks,L,3.0,1.0
101033,NCHL,25655,147,VS - F,"Fri, Feb 23 2024",9:45 PM,WEH,AWAY,Atomic Bombers,W,9.0,3.0
101034,NCHL,25655,147,VS - F,"Sat, Feb 24 2024",9:45 PM,BRW,AWAY,Punishers,W,8.0,0.0
100952,NCHL,25655,147,VS - F,"Fri, Mar 1 2024",8:15 PM,WEH,HOME,Saucey Minks,T,1.0,1.0
101075,NCHL,25655,147,VS - F,"Fri, Mar 8 2024",9:45 PM,WEH,AWAY,Atomic Bombers,W,5.0,3.0
101093,NCHL,25655,147,VS - F,"Wed, Mar 13 2024",10:15 PM,RKY,HOME,Punishers,T,2.0,2.0
100915,NCHL,25655,147,VS - F,"Fri, Mar 22 2024",10:30 PM,BOW,HOME,Saucey Minks,W,4.0,2.0
100929,NCHL,25655,147,VS - F,"Tue, Mar 26 2024",10:15 PM,WEH,AWAY,Atomic Bombers,W,6.0,3.0
102494,NCHL,25655,148,VS - F,"Fri, Apr 12 2024",7:30 PM,WEH,HOME,Atomic Bombers,W,8.0,3.0
102502,NCHL,25655,148,VS - F,"Mon, Apr 15 2024",8:15 PM,WEH,AWAY,Saucey Minks,L,4.0,2.0
102834,NCHL,25655,149,VS - F,"Wed, May 8 2024",6:45 PM,BOW,AWAY,Zombies,L,7.0,3.0
102637,NCHL,25655,149,VS - F,"Wed, May 15 2024",6:45 PM,WEH,HOME,Green Bastards,W,5.0,0.0
102650,NCHL,25655,149,VS - F,"Wed, May 22 2024",6:45 PM,WEH,AWAY,Parking Lot Bears,W,10.0,1.0
102739,NCHL,25655,149,VS - F,"Thu, May 30 2024",8:15 PM,BOW,AWAY,Toe Dragons North,L,4.0,1.0
102670,NCHL,25655,149,VS - F,"Wed, Jun 12 2024",8:15 PM,WEH,HOME,Seals,L,8.0,1.0
102686,NCHL,25655,149,VS - F,"Wed, Jun 19 2024",6:45 PM,WEH,AWAY,Green Bastards,W,5.0,4.0
103257,NCHL,25655,149,VS - F,"Sat, Jun 22 2024",6:30 PM,WEH,HOME,Punishers,W,6.0,5.0
102771,NCHL,25655,149,VS - F,"Wed, Jun 26 2024",8:15 PM,BOW,HOME,Parking Lot Bears,W,7.0,4.0
102786,NCHL,25655,149,VS - F,"Tue, Jul 2 2024",9:45 PM,WEH,HOME,Toe Dragons North,W,5.0,4.0
102712,NCHL,25655,149,VS - F,"Thu, Jul 4 2024",8:15 PM,WEH,AWAY,Punishers,W,4.0,3.0
102731,NCHL,25655,149,VS - F,"Thu, Jul 11 2024",6:45 PM,WEH,HOME,Zombies,L,6.0,4.0
102803,NCHL,25655,149,VS - F,"Wed, Jul 17 2024",8:15 PM,WEH,HOME,Green Bastards,T,3.0,3.0
102819,NCHL,25655,149,VS - F,"Wed, Jul 24 2024",6:45 PM,BOW,AWAY,Parking Lot Bears,W,10.0,4.0
102707,NCHL,25655,149,VS - F,"Mon, Jul 29 2024",8:15 PM,WEH,AWAY,Toe Dragons North,W,5.0,2.0
103611,NCHL,25655,154,VS - F,"Tue, Aug 6 2024",9:45 PM,WEH,HOME,Punishers,W,6.0,4.0
103679,NCHL,25655,154,VS - F,"Mon, Aug 12 2024",6:45 PM,WEH,AWAY,Zombies,L,11.0,4.0
104156,NCHL,25655,155,VS - F,"Fri, Sep 13 2024",8:15 PM,WEH,HOME,Beers North,L,6.0,2.0
104244,NCHL,25655,155,VS - F,"Fri, Sep 20 2024",8:15 PM,WEH,AWAY,Westside Playas,L,9.0,2.0
104270,NCHL,25655,155,VS - F,"Fri, Sep 27 2024",8:15 PM,WEH,HOME,Seals,L,5.0,2.0
104299,NCHL,25655,155,VS - F,"Fri, Oct 4 2024",8:15 PM,WEH,AWAY,Atomic Bombers,W,13.0,2.0
104400,NCHL,25655,155,VS - F,"Sun, Oct 6 2024",10:30 PM,BOW,HOME,Victorious Secrets V,W,3.0,2.0
104189,NCHL,25655,155,VS - F,"Thu, Oct 17 2024",10:30 PM,BOW,AWAY,Green Bastards,OTL,6.0,5.0
104211,NCHL,25655,155,VS - F,"Wed, Oct 23 2024",10:15 PM,RKY,HOME,Atomic Bombers,W,6.0,1.0
104309,NCHL,25655,155,VS - F,"Fri, Oct 25 2024",8:15 PM,WEH,AWAY,Victorious Secrets V,W,3.0,0.0
104334,NCHL,25655,155,VS - F,"Fri, Nov 1 2024",8:15 PM,WEH,HOME,Green Bastards,W,7.0,2.0
104449,NCHL,25655,155,VS - F,"Fri, Nov 8 2024",8:15 PM,WEH,AWAY,Atomic Bombers,W,4.0,3.0
104352,NCHL,25655,155,VS - F,"Fri, Nov 15 2024",8:15 PM,WEH,HOME,Disco Bears,W,7.0,3.0
104464,NCHL,25655,155,VS - F,"Wed, Nov 20 2024",10:30 PM,BOW,AWAY,Zombies II,L,3.0,2.0
104219,NCHL,25655,155,VS - F,"Fri, Nov 29 2024",8:15 PM,WEH,HOME,Victorious Secrets III,L,7.0,2.0
104236,NCHL,25655,155,VS - F,"Mon, Dec 2 2024",10:15 PM,CRO,AWAY,Seals,W,7.0,3.0
104368,NCHL,25655,155,VS - F,"Fri, Dec 6 2024",8:15 PM,WEH,HOME,Tigers,L,7.0,6.0
104393,NCHL,25655,155,VS - F,"Thu, Dec 12 2024",10:30 PM,BOW,AWAY,Disco Bears,L,6.0,3.0
105090,NCHL,25655,155,VS - F,"Fri, Dec 20 2024",8:15 PM,WEH,HOME,Seals,L,7.0,1.0
105110,NCHL,25655,155,VS - F,"Fri, Jan 3 2025",8:15 PM,WEH,AWAY,Tigers,L,5.0,3.0
105140,NCHL,25655,155,VS - F,"Fri, Jan 10 2025",8:15 PM,WEH,HOME,Shanghai Sharks,T,6.0,6.0
105262,NCHL,25655,155,VS - F,"Fri, Jan 17 2025",8:15 PM,WEH,AWAY,Zombies II,W,3.0,1.0
105310,NCHL,25655,155,VS - F,"Wed, Jan 22 2025",10:30 PM,BOW,AWAY,Victorious Secrets V,W,5.0,3.0
105112,NCHL,25655,155,VS - F,"Fri, Jan 31 2025",8:15 PM,WEH,AWAY,Green Bastards,W,4.0,1.0
105167,NCHL,25655,155,VS - F,"Fri, Feb 7 2025",9:45 PM,WEH,HOME,Atomic Bombers,W,9.0,1.0
105290,NCHL,25655,155,VS - F,"Fri, Feb 14 2025",8:15 PM,WEH,HOME,Victorious Secrets V,L,3.0,2.0
105340,NCHL,25655,155,VS - F,"Fri, Feb 21 2025",8:15 PM,WEH,HOME,Green Bastards,W,11.0,2.0
105113,NCHL,25655,155,VS - F,"Fri, Feb 28 2025",8:15 PM,WEH,AWAY,Atomic Bombers,W,6.0,2.0
105196,NCHL,25655,155,VS - F,"Fri, Mar 7 2025",8:15 PM,WEH,HOME,Victorious Secrets V,T,2.0,2.0
105241,NCHL,25655,155,VS - F,"Wed, Mar 12 2025",10:30 PM,BOW,AWAY,Green Bastards,OTL,2.0,1.0
105389,NCHL,25655,155,VS - F,"Fri, Mar 21 2025",8:15 PM,WEH,HOME,Atomic Bombers,W,9.0,0.0
105219,NCHL,25655,155,VS - F,"Fri, Mar 28 2025",8:15 PM,WEH,AWAY,Victorious Secrets V,W,5.0,3.0
107238,NCHL,25655,160,VS - F,"Fri, Apr 11 2025",7:30 PM,WEH,HOME,Green Bastards,W,8.0,0.0
107302,NCHL,25655,160,VS - F,"Sun, Apr 13 2025",9:00 PM,CRO,HOME,Victorious Secrets V,L,5.0,0.0
109682,NCHL,25655,161,VS - F,"Wed, May 7 2025",6:45 PM,BOW,HOME,Seals,W,6.0,4.0
109692,NCHL,25655,161,VS - F,"Thu, May 8 2025",10:15 PM,WEH,AWAY,Fury,L,7.0,0.0
109123,NCHL,25655,161,VS - F,"Mon, May 19 2025",8:15 PM,BOW,HOME,Heat,L,9.0,2.0
109136,NCHL,25655,161,VS - F,"Thu, May 22 2025",6:45 PM,BOW,AWAY,Seals,L,3.0,1.0
109401,NCHL,25655,161,VS - F,"Thu, May 29 2025",8:45 PM,WEH,AWAY,Beers North,L,4.0,3.0
109403,NCHL,25655,161,VS - F,"Mon, Jun 2 2025",6:45 PM,BOW,AWAY,Heat,L,11.0,1.0
109428,NCHL,25655,161,VS - F,"Wed, Jun 11 2025",8:15 PM,BOW,AWAY,Big Duck Energy,W,4.0,2.0
109443,NCHL,25655,161,VS - F,"Tue, Jun 17 2025",8:15 PM,WEH,AWAY,Atomic Bombers,W,5.0,2.0
109157,NCHL,25655,161,VS - F,"Mon, Jun 23 2025",8:15 PM,BOW,AWAY,Toe Dragons,L,5.0,2.0
109170,NCHL,25655,161,VS - F,"Thu, Jun 26 2025",9:45 PM,BOW,HOME,Zombies,L,6.0,2.0
109449,NCHL,25655,161,VS - F,"Tue, Jul 8 2025",6:45 PM,WEH,HOME,Beers North,W,4.0,3.0
109467,NCHL,25655,161,VS - F,"Wed, Jul 16 2025",6:45 PM,WEH,AWAY,Toe Dragons,W,8.0,7.0
109178,NCHL,25655,161,VS - F,"Mon, Jul 21 2025",6:45 PM,BOW,AWAY,Zombies,L,7.0,4.0
109194,NCHL,25655,161,VS - F,"Thu, Jul 24 2025",8:15 PM,BOW,HOME,Beers North,L,2.0,1.0
109730,NCHL,25655,162,VS - F,"Wed, Jul 30 2025",8:15 PM,BOW,AWAY,Beers North,OTL,3.0,2.0
111261,NCHL,25655,163,VS - F,"Sun, Sep 14 2025",9:15 PM,WEH,AWAY,Disco Bears,L,7.0,4.0
110970,NCHL,25655,163,VS - F,"Sun, Sep 21 2025",9:15 PM,WEH,AWAY,Heat,L,7.0,3.0
110994,NCHL,25655,163,VS - F,"Sat, Sep 27 2025",10:45 PM,WEH,HOME,Heat,OTL,6.0,5.0
110996,NCHL,25655,163,VS - F,"Sun, Sep 28 2025",9:15 PM,WEH,HOME,Atta Boy Blue,L,4.0,2.0
111128,NCHL,25655,163,VS - F,"Mon, Oct 6 2025",10:15 PM,CRO,HOME,SwashPucklers,T,4.0,4.0
111294,NCHL,25655,163,VS - F,"Mon, Oct 13 2025",10:15 PM,CRO,HOME,Disco Bears,L,6.0,3.0
111323,NCHL,25655,163,VS - F,"Wed, Oct 22 2025",10:15 PM,RKY,HOME,Heat,L,7.0,4.0
110998,NCHL,25655,163,VS - F,"Mon, Oct 27 2025",10:15 PM,CRO,HOME,SwashPucklers,L,4.0,3.0
111023,NCHL,25655,163,VS - F,"Mon, Nov 3 2025",10:15 PM,CRO,HOME,Atta Boy Blue,W,7.0,6.0
111141,NCHL,25655,163,VS - F,"Sat, Nov 8 2025",9:45 PM,BRW,AWAY,SwashPucklers,L,1.0,0.0
111169,NCHL,25655,163,VS - F,"Mon, Nov 17 2025",10:15 PM,CRO,AWAY,Disco Bears,W,5.0,4.0
111357,NCHL,25655,163,VS - F,"Mon, Nov 24 2025",10:15 PM,CRO,HOME,SwashPucklers,W,3.0,1.0
111059,NCHL,25655,163,VS - F,"Sun, Dec 7 2025",9:15 PM,WEH,HOME,Westside Playas,L,7.0,4.0
111064,NCHL,25655,163,VS - F,"Mon, Dec 8 2025",10:15 PM,CRO,AWAY,Atta Boy Blue,W,6.0,0.0
111188,NCHL,25655,163,VS - F,"Sun, Dec 14 2025",9:15 PM,WEH,AWAY,Victorious Secrets III,L,4.0,2.0
111375,NCHL,25655,163,VS - F,"Sat, Dec 20 2025",9:15 PM,WEH,HOME,Westside Playas,OTL,9.0,8.0
112617,NCHL,25655,163,VS - F,"Mon, Jan 5 2026",10:15 PM,CRO,AWAY,Victorious Secrets V,W,5.0,3.0
112643,NCHL,25655,163,VS - F,"Mon, Jan 12 2026",10:15 PM,CRO,HOME,Westside Playas,L,12.0,5.0
112908,NCHL,25655,163,VS - F,"Mon, Jan 19 2026",10:15 PM,CRO,HOME,Seals,L,6.0,3.0
112910,NCHL,25655,163,VS - F,"Tue, Jan 20 2026",10:15 PM,WEH,AWAY,Disco Bears,L,10.0,4.0
112226,NCHL,25655,163,VS - F,"Fri, Jan 30 2026",8:15 PM,WEH,AWAY,Victorious Secrets V,L,8.0,3.0
112926,NCHL,25655,163,VS - F,"Mon, Feb 2 2026",10:15 PM,CRO,HOME,Atta Boy Blue,L,7.0,4.0
112243,NCHL,25655,163,VS - F,"Thu, Feb 12 2026",10:30 PM,BOW,AWAY,Westside Playas,L,5.0,2.0
112255,NCHL,25655,163,VS - F,"Sun, Feb 15 2026",9:15 PM,WEH,HOME,Victorious Secrets III,L,4.0,2.0
112965,NCHL,25655,163,VS - F,"Mon, Feb 23 2026",10:15 PM,CRO,HOME,Disco Bears,L,4.0,1.0
112271,NCHL,25655,163,VS - F,"Mon, Mar 2 2026",10:15 PM,CRO,HOME,Victorious Secrets V,W,4.0,1.0
112298,NCHL,25655,163,VS - F,"Mon, Mar 9 2026",10:15 PM,CRO,AWAY,Atta Boy Blue,W,6.0,2.0
113007,NCHL,25655,163,VS - F,"Mon, Mar 16 2026",10:15 PM,CRO,HOME,Westside Playas,L,4.0,2.0
112313,NCHL,25655,163,VS - F,"Mon, Mar 23 2026",10:15 PM,CRO,HOME,Seals,L,6.0,2.0
112818,NCHL,25655,163,VS - F,"Mon, Mar 30 2026",10:15 PM,CRO,AWAY,Disco Bears,L,6.0,4.0
113070,NCHL,25655,164,VS - F,"Mon, Apr 6 2026",9:15 PM,WEH,AWAY,Atta Boy Blue,L,6.0,5.0
113184,NCHL,25655,165,VS - F,"Wed, May 6 2026",8:15 PM,BOW,AWAY,Green Bastards,W,4.0,3.0
113208,NCHL,25655,165,VS - F,"Thu, May 14 2026",8:15 PM,BOW,AWAY,Seal Team Sticks,L,8.0,0.0
113229,NCHL,25655,165,VS - F,"Mon, May 25 2026",8:15 PM,BOW,HOME,Toe Dragons HC,W,6.0,1.0
113245,NCHL,25655,165,VS - F,"Mon, Jun 1 2026",8:15 PM,BOW,HOME,Lumberjacked,W,10.0,7.0
113261,NCHL,25655,165,VS - F,"Thu, Jun 4 2026",8:15 PM,WEH,AWAY,Big Duck Energy,W,8.0,3.0
113278,NCHL,25655,165,VS - F,"Wed, Jun 10 2026",8:15 PM,WEH,HOME,Green Bastards,W,7.0,5.0
113302,NCHL,25655,165,VS - F,"Thu, Jun 18 2026",6:45 PM,BOW,HOME,Beers North,W,5.0,4.0
113321,NCHL,25655,165,VS - F,"Thu, Jun 25 2026",6:45 PM,BOW,AWAY,Vice Ice,W,4.0,1.0
113338,NCHL,25655,165,VS - F,"Thu, Jul 2 2026",8:15 PM,WEH,AWAY,Lumberjacked,W,5.0,4.0
113358,NCHL,25655,165,VS - F,"Thu, Jul 9 2026",6:45 PM,WEH,HOME,Big Duck Energy,W,4.0,1.0
113371,NCHL,25655,165,VS - F,"Tue, Jul 14 2026",8:15 PM,WEH,AWAY,Green Bastards,W,3.0,1.0
113394,NCHL,25655,165,VS - F,"Tue, Jul 21 2026",6:45 PM,WEH,AWAY,Beers North,,,
113412,NCHL,25655,165,VS - F,"Sun, Jul 26 2026",6:45 PM,WEH,HOME,Vice Ice,,,
113431,NCHL,25655,165,VS - F,"Thu, Jul 30 2026",8:15 PM,BOW,HOME,Lumberjacked,,,
104154,NCHL,28185,155,VS - G,"Thu, Sep 12 2024",9:45 PM,WEH,AWAY,Green Bastards,T,2.0,2.0
104253,NCHL,28185,155,VS - G,"Sat, Sep 21 2024",10:00 PM,OVA,HOME,Bulls,L,7.0,0.0
104297,NCHL,28185,155,VS - G,"Thu, Oct 3 2024",9:45 PM,WEH,HOME,Green Bastards,L,7.0,2.0
104400,NCHL,28185,155,VS - G,"Sun, Oct 6 2024",10:30 PM,BOW,AWAY,Victorious Secrets IV,L,3.0,2.0
104423,NCHL,28185,155,VS - G,"Sun, Oct 13 2024",9:15 PM,WEH,AWAY,Atomic Bombers,W,3.0,0.0
104202,NCHL,28185,155,VS - G,"Sun, Oct 20 2024",9:15 PM,WEH,AWAY,Green Bastards,W,6.0,4.0
104309,NCHL,28185,155,VS - G,"Fri, Oct 25 2024",8:15 PM,WEH,HOME,Victorious Secrets IV,L,3.0,0.0
104256,NCHL,28185,155,VS - G,"Fri, Nov 1 2024",11:15 PM,WEH,AWAY,Atomic Bombers,L,4.0,2.0
104434,NCHL,28185,155,VS - G,"Sun, Nov 3 2024",9:15 PM,WEH,AWAY,Atomic Bombers,T,3.0,3.0
104340,NCHL,28185,155,VS - G,"Sun, Nov 10 2024",9:15 PM,WEH,HOME,Green Bastards,W,3.0,2.0
104348,NCHL,28185,155,VS - G,"Wed, Nov 13 2024",10:30 PM,BOW,AWAY,SwashPucklers,L,5.0,2.0
104364,NCHL,28185,155,VS - G,"Sun, Nov 17 2024",9:15 PM,WEH,AWAY,Atomic Bombers,L,5.0,1.0
104217,NCHL,28185,155,VS - G,"Thu, Nov 28 2024",9:45 PM,WEH,AWAY,Green Bastards,L,6.0,2.0
104241,NCHL,28185,155,VS - G,"Wed, Dec 4 2024",10:30 PM,BOW,AWAY,SwashPucklers,OTL,4.0,3.0
104380,NCHL,28185,155,VS - G,"Sun, Dec 8 2024",9:15 PM,WEH,AWAY,Atomic Bombers,T,6.0,6.0
104496,NCHL,28185,155,VS - G,"Sun, Dec 15 2024",9:15 PM,WEH,HOME,Green Bastards,L,5.0,3.0
105088,NCHL,28185,155,VS - G,"Thu, Dec 19 2024",9:45 PM,WEH,AWAY,Green Bastards,W,7.0,0.0
105125,NCHL,28185,155,VS - G,"Sun, Jan 5 2025",9:15 PM,WEH,HOME,SwashPucklers,L,4.0,3.0
105247,NCHL,28185,155,VS - G,"Sun, Jan 12 2025",9:15 PM,WEH,AWAY,Atomic Bombers,OTL,3.0,2.0
105270,NCHL,28185,155,VS - G,"Sun, Jan 19 2025",9:15 PM,WEH,HOME,Green Bastards,W,3.0,1.0
105310,NCHL,28185,155,VS - G,"Wed, Jan 22 2025",10:30 PM,BOW,HOME,Victorious Secrets IV,L,5.0,3.0
105152,NCHL,28185,155,VS - G,"Sun, Feb 2 2025",9:15 PM,WEH,AWAY,Atomic Bombers,W,3.0,2.0
105163,NCHL,28185,155,VS - G,"Thu, Feb 6 2025",9:45 PM,WEH,AWAY,Green Bastards,W,3.0,2.0
105290,NCHL,28185,155,VS - G,"Fri, Feb 14 2025",8:15 PM,WEH,AWAY,Victorious Secrets IV,W,3.0,2.0
105351,NCHL,28185,155,VS - G,"Sun, Feb 23 2025",9:15 PM,OVA,AWAY,Atomic Bombers,W,5.0,3.0
105182,NCHL,28185,155,VS - G,"Sun, Mar 2 2025",9:15 PM,WEH,HOME,Green Bastards,T,2.0,2.0
105196,NCHL,28185,155,VS - G,"Fri, Mar 7 2025",8:15 PM,WEH,AWAY,Victorious Secrets IV,T,2.0,2.0
105376,NCHL,28185,155,VS - G,"Sun, Mar 16 2025",9:15 PM,WEH,AWAY,Atomic Bombers,W,3.0,2.0
105205,NCHL,28185,155,VS - G,"Sun, Mar 23 2025",9:15 PM,WEH,AWAY,Green Bastards,W,4.0,1.0
105219,NCHL,28185,155,VS - G,"Fri, Mar 28 2025",8:15 PM,WEH,HOME,Victorious Secrets IV,L,5.0,3.0
107239,NCHL,28185,160,VS - G,"Fri, Apr 11 2025",9:00 PM,WEH,HOME,Atomic Bombers,W,6.0,2.0
107302,NCHL,28185,160,VS - G,"Sun, Apr 13 2025",9:00 PM,CRO,AWAY,Victorious Secrets IV,W,5.0,0.0
107331,NCHL,28185,160,VS - G,"Wed, Apr 23 2025",6:45 PM,WEH,HOME,Dermaphia 5,W,5.0,2.0
107241,NCHL,28185,160,VS - G,"Sat, Apr 26 2025",7:45 PM,WEH,AWAY,Dermaphia 5,W,6.0,2.0
109685,NCHL,28185,161,VS - G,"Wed, May 7 2025",6:45 PM,WEH,HOME,Big Duck Energy,L,4.0,1.0
109701,NCHL,28185,161,VS - G,"Wed, May 14 2025",6:45 PM,WEH,AWAY,Punishers,L,4.0,2.0
109127,NCHL,28185,161,VS - G,"Wed, May 21 2025",9:45 PM,WEH,HOME,Calgary Hockey Club,L,5.0,4.0
109139,NCHL,28185,161,VS - G,"Thu, May 22 2025",8:45 PM,WEH,AWAY,Big Duck Energy,W,3.0,1.0
109399,NCHL,28185,161,VS - G,"Thu, May 29 2025",8:15 PM,BOW,AWAY,Punishers,L,3.0,1.0
109418,NCHL,28185,161,VS - G,"Thu, Jun 5 2025",6:45 PM,WEH,HOME,Big Duck Energy,L,2.0,1.0
109429,NCHL,28185,161,VS - G,"Wed, Jun 11 2025",9:45 PM,BOW,AWAY,Calgary Hockey Club,L,3.0,1.0
109150,NCHL,28185,161,VS - G,"Wed, Jun 18 2025",6:45 PM,WEH,HOME,Punishers,W,4.0,0.0
109162,NCHL,28185,161,VS - G,"Wed, Jun 25 2025",6:45 PM,BOW,HOME,Green Bastards,L,5.0,1.0
109169,NCHL,28185,161,VS - G,"Thu, Jun 26 2025",8:15 PM,BOW,AWAY,Calgary Hockey Club,L,2.0,1.0
109452,NCHL,28185,161,VS - G,"Wed, Jul 9 2025",6:45 PM,WEH,AWAY,Punishers,L,6.0,2.0
109468,NCHL,28185,161,VS - G,"Wed, Jul 16 2025",8:15 PM,WEH,HOME,Green Bastards,L,5.0,3.0
109183,NCHL,28185,161,VS - G,"Mon, Jul 21 2025",9:45 PM,WEH,AWAY,Calgary Hockey Club,W,2.0,1.0
109197,NCHL,28185,161,VS - G,"Thu, Jul 24 2025",8:15 PM,WEH,HOME,Punishers,L,2.0,1.0
109736,NCHL,28185,162,VS - G,"Wed, Jul 30 2025",9:45 PM,WEH,AWAY,Calgary Hockey Club,L,3.0,1.0
111265,NCHL,28185,163,VS - G,"Mon, Sep 15 2025",9:15 PM,WEH,AWAY,Lumberjacked,W,4.0,3.0
111275,NCHL,28185,163,VS - G,"Fri, Sep 19 2025",8:15 PM,WEH,HOME,Toe Dragons HC,W,7.0,4.0
110984,NCHL,28185,163,VS - G,"Fri, Sep 26 2025",8:15 PM,WEH,AWAY,Mighty Ducks,W,6.0,1.0
111114,NCHL,28185,163,VS - G,"Fri, Oct 3 2025",8:15 PM,WEH,HOME,Lumberjacked,L,6.0,3.0
111137,NCHL,28185,163,VS - G,"Fri, Oct 10 2025",8:15 PM,WEH,HOME,Toe Dragons HC,OTL,5.0,4.0
111302,NCHL,28185,163,VS - G,"Fri, Oct 17 2025",8:15 PM,WEH,AWAY,Mighty Ducks,W,7.0,1.0
111318,NCHL,28185,163,VS - G,"Mon, Oct 20 2025",9:15 PM,WEH,AWAY,Lumberjacked,T,3.0,3.0
111007,NCHL,28185,163,VS - G,"Fri, Oct 31 2025",8:15 PM,WEH,HOME,Toe Dragons HC,W,6.0,2.0
111014,NCHL,28185,163,VS - G,"Sat, Nov 1 2025",9:45 PM,BRW,AWAY,Punishers,W,6.0,0.0
111157,NCHL,28185,163,VS - G,"Fri, Nov 14 2025",8:15 PM,WEH,HOME,Lumberjacked,W,8.0,4.0
111345,NCHL,28185,163,VS - G,"Fri, Nov 21 2025",8:15 PM,WEH,HOME,Toe Dragons HC,W,5.0,2.0
111349,NCHL,28185,163,VS - G,"Sat, Nov 22 2025",9:15 PM,BRW,AWAY,Punishers,W,6.0,3.0
111038,NCHL,28185,163,VS - G,"Mon, Dec 1 2025",9:15 PM,WEH,AWAY,Lumberjacked,T,2.0,2.0
111173,NCHL,28185,163,VS - G,"Wed, Dec 10 2025",10:30 PM,BOW,HOME,Toe Dragons HC,W,4.0,2.0
111196,NCHL,28185,163,VS - G,"Tue, Dec 16 2025",10:30 PM,BOW,HOME,Punishers,W,7.0,0.0
111202,NCHL,28185,163,VS - G,"Fri, Dec 19 2025",8:15 PM,WEH,HOME,Lumberjacked,W,3.0,2.0
112617,NCHL,28185,163,VS - G,"Mon, Jan 5 2026",10:15 PM,CRO,HOME,Victorious Secrets IV,L,5.0,3.0
112626,NCHL,28185,163,VS - G,"Fri, Jan 9 2026",8:15 PM,WEH,HOME,Disco Bears,L,8.0,6.0
112891,NCHL,28185,163,VS - G,"Fri, Jan 16 2026",8:15 PM,WEH,AWAY,Westside Playas,L,6.0,5.0
112917,NCHL,28185,163,VS - G,"Fri, Jan 23 2026",8:15 PM,WEH,AWAY,Atta Boy Blue,W,3.0,2.0
112226,NCHL,28185,163,VS - G,"Fri, Jan 30 2026",8:15 PM,WEH,HOME,Victorious Secrets IV,W,8.0,3.0
112935,NCHL,28185,163,VS - G,"Fri, Feb 6 2026",8:15 PM,WEH,HOME,Seals,L,6.0,3.0
112238,NCHL,28185,163,VS - G,"Tue, Feb 10 2026",10:15 PM,WEH,AWAY,Disco Bears,W,3.0,0.0
112268,NCHL,28185,163,VS - G,"Fri, Feb 20 2026",8:15 PM,WEH,HOME,Westside Playas,L,5.0,2.0
112974,NCHL,28185,163,VS - G,"Fri, Feb 27 2026",8:15 PM,WEH,HOME,Atta Boy Blue,W,5.0,4.0
112271,NCHL,28185,163,VS - G,"Mon, Mar 2 2026",10:15 PM,CRO,AWAY,Victorious Secrets IV,L,4.0,1.0
112817,NCHL,28185,163,VS - G,"Wed, Mar 11 2026",10:30 PM,BOW,HOME,Seals,L,5.0,2.0
112989,NCHL,28185,163,VS - G,"Fri, Mar 13 2026",8:15 PM,WEH,HOME,Disco Bears,L,9.0,3.0
113015,NCHL,28185,163,VS - G,"Thu, Mar 19 2026",10:30 PM,BOW,AWAY,Westside Playas,L,7.0,2.0
112322,NCHL,28185,163,VS - G,"Fri, Mar 27 2026",8:15 PM,WEH,AWAY,Atta Boy Blue,L,10.0,4.0
113065,NCHL,28185,164,VS - G,"Sun, Apr 5 2026",9:30 PM,WEH,AWAY,Disco Bears,L,6.0,2.0
113192,NCHL,28185,165,VS - G,"Thu, May 7 2026",8:45 PM,WEH,AWAY,Jaguars,W,5.0,1.0
113213,NCHL,28185,165,VS - G,"Mon, May 18 2026",8:15 PM,BOW,HOME,Mighty Ducks,L,5.0,3.0
113231,NCHL,28185,165,VS - G,"Tue, May 26 2026",8:45 PM,WEH,HOME,26ers,W,5.0,4.0
113250,NCHL,28185,165,VS - G,"Tue, Jun 2 2026",9:45 PM,WEH,AWAY,Jaguars,L,2.0,1.0
113269,NCHL,28185,165,VS - G,"Mon, Jun 8 2026",9:45 PM,BOW,AWAY,Nightshift,W,2.0,1.0
113282,NCHL,28185,165,VS - G,"Thu, Jun 11 2026",9:45 PM,BOW,HOME,26ers,W,6.0,3.0
113306,NCHL,28185,165,VS - G,"Thu, Jun 18 2026",8:15 PM,WEH,AWAY,Jaguars,OTL,2.0,1.0
,NCHL,28185,165,VS - G,"Wed, Jun 24 2026",9:45 PM,BOW,AWAY,**Forfeit**,T,0.0,0.0
113360,NCHL,28185,165,VS - G,"Thu, Jul 9 2026",9:45 PM,WEH,AWAY,Jaguars,W,4.0,1.0
113375,NCHL,28185,165,VS - G,"Wed, Jul 15 2026",9:45 PM,BOW,HOME,Nightshift,W,2.0,1.0
113381,NCHL,28185,165,VS - G,"Thu, Jul 16 2026",9:45 PM,BOW,HOME,Nightshift,W,3.0,2.0
113414,NCHL,28185,165,VS - G,"Sun, Jul 26 2026",9:45 PM,WEH,AWAY,Jaguars,,,
113425,NCHL,28185,165,VS - G,"Wed, Jul 29 2026",8:15 PM,BOW,AWAY,Nightshift,,,
111266,NCHL,30960,163,VS - H,"Mon, Sep 15 2025",10:15 PM,CRO,AWAY,Mammoth,W,4.0,1.0
111270,NCHL,30960,163,VS - H,"Wed, Sep 17 2025",9:15 PM,RKY,HOME,Parking Lot Bears,OTL,2.0,1.0
110982,NCHL,30960,163,VS - H,"Thu, Sep 25 2025",9:45 PM,WEH,AWAY,Green Bastards,W,2.0,1.0
111105,NCHL,30960,163,VS - H,"Mon, Sep 29 2025",10:15 PM,CRO,AWAY,Mafia,W,2.0,1.0
111131,NCHL,30960,163,VS - H,"Tue, Oct 7 2025",10:30 PM,BOW,HOME,Punishers,L,9.0,2.0
111296,NCHL,30960,163,VS - H,"Tue, Oct 14 2025",10:30 PM,BOW,HOME,Mammoth,W,4.0,1.0
111322,NCHL,30960,163,VS - H,"Tue, Oct 21 2025",10:30 PM,BOW,HOME,Parking Lot Bears,L,6.0,2.0
111001,NCHL,30960,163,VS - H,"Tue, Oct 28 2025",10:30 PM,BOW,AWAY,Green Bastards,L,3.0,0.0
111026,NCHL,30960,163,VS - H,"Tue, Nov 4 2025",10:30 PM,BOW,AWAY,Mafia,T,3.0,3.0
111142,NCHL,30960,163,VS - H,"Sat, Nov 8 2025",9:45 PM,RKY,HOME,Mighty Ducks,L,4.0,2.0
111171,NCHL,30960,163,VS - H,"Tue, Nov 18 2025",10:15 PM,WEH,AWAY,Mammoth,W,4.0,1.0
111360,NCHL,30960,163,VS - H,"Tue, Nov 25 2025",10:30 PM,BOW,AWAY,Parking Lot Bears,W,4.0,0.0
111042,NCHL,30960,163,VS - H,"Tue, Dec 2 2025",10:30 PM,BOW,AWAY,Green Bastards,L,9.0,2.0
111067,NCHL,30960,163,VS - H,"Tue, Dec 9 2025",10:30 PM,BOW,HOME,Mafia,W,2.0,1.0
111185,NCHL,30960,163,VS - H,"Sat, Dec 13 2025",9:45 PM,RKY,AWAY,Mighty Ducks,W,6.0,3.0
111206,NCHL,30960,163,VS - H,"Sat, Dec 20 2025",7:45 PM,WEH,HOME,Mammoth,W,5.0,2.0
112622,NCHL,30960,163,VS - H,"Wed, Jan 7 2026",10:30 PM,BOW,AWAY,Beavers DH,W,5.0,0.0
112646,NCHL,30960,163,VS - H,"Tue, Jan 13 2026",10:30 PM,BOW,AWAY,Mammoth,W,3.0,2.0
112906,NCHL,30960,163,VS - H,"Sun, Jan 18 2026",10:45 PM,WEH,HOME,Mammoth,OTL,4.0,3.0
112214,NCHL,30960,163,VS - H,"Sun, Jan 25 2026",10:30 PM,BOW,AWAY,Beavers DH,W,5.0,1.0
112233,NCHL,30960,163,VS - H,"Sat, Jan 31 2026",9:45 PM,RKY,AWAY,Mighty Ducks,W,3.0,2.0
112934,NCHL,30960,163,VS - H,"Thu, Feb 5 2026",10:30 PM,BOW,HOME,Mammoth,W,6.0,3.0
112248,NCHL,30960,163,VS - H,"Fri, Feb 13 2026",11:15 PM,WEH,AWAY,Beavers DH,W,5.0,1.0
112252,NCHL,30960,163,VS - H,"Sat, Feb 14 2026",9:45 PM,RKY,HOME,Mighty Ducks,W,6.0,4.0
112970,NCHL,30960,163,VS - H,"Wed, Feb 25 2026",10:30 PM,BOW,HOME,Mammoth,W,5.0,0.0
112282,NCHL,30960,163,VS - H,"Fri, Mar 6 2026",8:15 PM,WEH,AWAY,Beavers DH,W,6.0,1.0
112287,NCHL,30960,163,VS - H,"Sat, Mar 7 2026",10:00 PM,RKY,AWAY,Mighty Ducks,W,3.0,2.0
113010,NCHL,30960,163,VS - H,"Tue, Mar 17 2026",10:30 PM,BOW,HOME,Mammoth,W,3.0,1.0
112316,NCHL,30960,163,VS - H,"Tue, Mar 24 2026",10:30 PM,BOW,AWAY,Mammoth,W,6.0,0.0
112329,NCHL,30960,163,VS - H,"Sat, Mar 28 2026",9:45 PM,RKY,HOME,Mighty Ducks,OTL,6.0,5.0
113116,NCHL,30960,164,VS - H,"Mon, Apr 13 2026",9:15 PM,WEH,HOME,Beavers DH,W,5.0,2.0
113131,NCHL,30960,164,VS - H,"Fri, Apr 17 2026",10:30 PM,WEH,HOME,Mighty Ducks,W,4.0,2.0
113148,NCHL,30960,164,VS - H,"Wed, Apr 22 2026",6:45 PM,WEH,HOME,Foxes,W,3.0,2.0
113157,NCHL,30960,164,VS - H,"Sat, Apr 25 2026",9:15 PM,WEH,AWAY,Foxes,L,6.0,4.0
113168,NCHL,30960,164,VS - H,"Thu, Apr 30 2026",10:15 PM,WEH,HOME,Foxes,L,3.0,1.0
24665,WRAHL,10828,99,VS - B,"Tue, Sep 12 2023",9:45 PM,MPA,HOME,Vipers,L,7.0,4.0
24684,WRAHL,10828,99,VS - B,"Sat, Sep 16 2023",8:15 PM,NESS (W),AWAY,Sabres,L,3.0,1.0
25108,WRAHL,10828,101,VS - B,"Sat, Sep 23 2023",9:15 PM,JSA,AWAY,The Lannys,W,4.0,2.0
24966,WRAHL,10828,101,VS - B,"Sat, Oct 7 2023",9:15 PM,JSA,HOME,Cookie Monsters,W,13.0,4.0
24969,WRAHL,10828,101,VS - B,"Tue, Oct 10 2023",9:15 PM,HH,AWAY,Mighty Drunks,W,9.0,2.0
25067,WRAHL,10828,101,VS - B,"Thu, Oct 19 2023",9:00 PM,BOW,HOME,Dragons,L,6.0,5.0
24984,WRAHL,10828,101,VS - B,"Sun, Oct 22 2023",9:45 PM,BWD,AWAY,Blues,W,8.0,7.0
25016,WRAHL,10828,101,VS - B,"Sat, Oct 28 2023",9:30 PM,MPA,HOME,Iceotopes,W,2.0,0.0
26800,WRAHL,10828,101,VS - B,"Thu, Nov 2 2023",9:45 PM,OVAL,AWAY,Hounds,W,4.0,3.0
26827,WRAHL,10828,101,VS - B,"Mon, Nov 6 2023",10:15 PM,HH,AWAY,The Remmies,L,7.0,2.0
26853,WRAHL,10828,101,VS - B,"Tue, Nov 14 2023",10:15 PM,SET (A),HOME,Devils Brigade,L,5.0,2.0
26755,WRAHL,10828,101,VS - B,"Mon, Nov 20 2023",9:00 PM,WSRC,HOME,Vipers,W,5.0,2.0
26774,WRAHL,10828,101,VS - B,"Fri, Nov 24 2023",9:15 PM,JSA,HOME,Vikings,W,6.0,4.0
26747,WRAHL,10828,101,VS - B,"Thu, Nov 30 2023",9:45 PM,OVAL,AWAY,Sabres,L,9.0,5.0
27234,WRAHL,10828,101,VS - B,"Mon, Dec 11 2023",9:30 PM,BOW,AWAY,Mighty Pucks,W,7.0,5.0
27267,WRAHL,10828,101,VS - B,"Sun, Dec 17 2023",8:45 PM,FCA RED,AWAY,Dragons,L,5.0,3.0
27565,WRAHL,10828,101,VS - B,"Fri, Dec 22 2023",9:15 PM,JSA,HOME,Blues,W,8.0,4.0
27580,WRAHL,10828,101,VS - B,"Thu, Jan 4 2024",9:45 PM,OVAL,AWAY,Iceotopes,W,11.0,2.0
27305,WRAHL,10828,101,VS - B,"Fri, Jan 12 2024",9:00 PM,BOW,HOME,Hounds,W,10.0,1.0
27675,WRAHL,10828,101,VS - B,"Sat, Jan 20 2024",9:30 PM,MPA,AWAY,Devils Brigade,SOL,4.0,3.0
27382,WRAHL,10828,101,VS - B,"Fri, Jan 26 2024",8:45 PM,SET (A),HOME,Mighty Pucks,L,8.0,1.0
27405,WRAHL,10828,101,VS - B,"Mon, Jan 29 2024",9:00 PM,WSRC,AWAY,Vipers,L,7.0,4.0
27723,WRAHL,10828,101,VS - B,"Tue, Feb 6 2024",8:45 PM,VIVO,HOME,Sabres,W,8.0,4.0
27359,WRAHL,10828,101,VS - B,"Tue, Feb 20 2024",8:45 PM,VIVO,AWAY,Vikings,W,9.0,2.0
27377,WRAHL,10828,101,VS - B,"Fri, Feb 23 2024",9:15 PM,JSA,HOME,Calgary Knights,OTL,3.0,2.0
27787,WRAHL,10828,101,VS - B,"Thu, Feb 29 2024",9:00 PM,BOW,AWAY,Dragons,L,5.0,1.0
27436,WRAHL,10828,101,VS - B,"Mon, Mar 4 2024",9:00 PM,WSRC,HOME,Blues,W,7.0,1.0
27485,WRAHL,10828,101,VS - B,"Mon, Mar 11 2024",10:00 PM,RR,HOME,Iceotopes,L,4.0,1.0
27504,WRAHL,10828,101,VS - B,"Sat, Mar 23 2024",8:45 PM,ECTA RED,HOME,Devils Brigade,W,5.0,3.0
27535,WRAHL,10828,101,VS - B,"Wed, Mar 27 2024",7:00 PM,NESS (W),AWAY,Mighty Pucks,W,4.0,3.0
27873,WRAHL,10828,101,VS - B,"Tue, Apr 2 2024",6:45 PM,BOW,HOME,Calgary Knights,W,9.0,0.0
27892,WRAHL,10828,101,VS - B,"Thu, Apr 4 2024",8:00 PM,NESS (W),AWAY,Vipers,W,4.0,3.0
27907,WRAHL,10828,103,VS - B,"Sun, Apr 7 2024",12:30 PM,Triwood,HOME,Sabres,L,5.0,2.0
27910,WRAHL,10828,103,VS - B,"Tue, Apr 9 2024",9:45 PM,RR,HOME,Dragons,L,6.0,5.0
28209,WRAHL,10828,106,VS - B,"Thu, Sep 5 2024",9:45 PM,MPA,HOME,Calgary Cowboys,W,6.0,0.0
28251,WRAHL,10828,106,VS - B,"Tue, Sep 10 2024",8:45 PM,VIVO,AWAY,Old Milwaukee Stumblers,W,3.0,2.0
28288,WRAHL,10828,107,VS - B,"Mon, Sep 16 2024",9:00 PM,WSRC,HOME,Vipers,W,3.0,0.0
28573,WRAHL,10828,107,VS - B,"Thu, Sep 19 2024",9:45 PM,OVAL,HOME,Vikings,W,6.0,3.0
28618,WRAHL,10828,107,VS - B,"Thu, Sep 26 2024",9:45 PM,OVAL,AWAY,Old Milwaukee Stumblers,W,6.0,2.0
28369,WRAHL,10828,107,VS - B,"Fri, Oct 4 2024",8:45 PM,SET (A),AWAY,Greasers,L,9.0,5.0
28664,WRAHL,10828,107,VS - B,"Tue, Oct 8 2024",9:45 PM,MPA,AWAY,Calgary Crackin,L,4.0,2.0
28697,WRAHL,10828,107,VS - B,"Thu, Oct 17 2024",9:00 PM,BOW,HOME,Dragons,L,6.0,2.0
28424,WRAHL,10828,107,VS - B,"Fri, Oct 25 2024",9:30 PM,Triwood,AWAY,Mighty Pucks,W,4.0,3.0
29602,WRAHL,10828,107,VS - B,"Sat, Nov 2 2024",10:00 PM,ECTA RED,AWAY,Sabres,L,7.0,5.0
28775,WRAHL,10828,107,VS - B,"Sat, Nov 9 2024",8:45 PM,ECTA RED,HOME,Blades of Glory,L,8.0,4.0
28550,WRAHL,10828,107,VS - B,"Sat, Nov 16 2024",8:30 PM,ECTA RED,AWAY,Calgary Crackin,SOL,4.0,3.0
28801,WRAHL,10828,107,VS - B,"Sat, Nov 23 2024",9:15 PM,JSA,HOME,Mighty Pucks,W,5.0,4.0
28829,WRAHL,10828,107,VS - B,"Thu, Nov 28 2024",9:00 PM,BOW,HOME,Dragons,L,6.0,3.0
28493,WRAHL,10828,107,VS - B,"Fri, Dec 6 2024",9:30 PM,Triwood,AWAY,Old Milwaukee Stumblers,W,6.0,3.0
28848,WRAHL,10828,107,VS - B,"Tue, Dec 10 2024",10:00 PM,RR,HOME,Chiefs Hackey,W,5.0,2.0
28888,WRAHL,10828,107,VS - B,"Tue, Dec 17 2024",8:30 PM,SET (A),AWAY,Sabres,L,6.0,2.0
29027,WRAHL,10828,107,VS - B,"Fri, Jan 3 2025",9:00 PM,BOW,HOME,Blades of Glory,L,6.0,1.0
29070,WRAHL,10828,107,VS - B,"Fri, Jan 10 2025",9:15 PM,ECTA RED,AWAY,Bounty Hunters,W,6.0,5.0
28924,WRAHL,10828,107,VS - B,"Wed, Jan 15 2025",10:30 PM,FCA RED,HOME,Marshalls,L,4.0,1.0
29251,WRAHL,10828,107,VS - B,"Thu, Jan 23 2025",9:00 PM,BOW,HOME,Dragons,L,4.0,2.0
29303,WRAHL,10828,107,VS - B,"Sat, Feb 1 2025",7:45 PM,CHA RED,AWAY,Calgary Crackin,W,4.0,2.0
28999,WRAHL,10828,107,VS - B,"Fri, Feb 7 2025",9:30 PM,Triwood,AWAY,Mighty Pucks,L,4.0,3.0
29315,WRAHL,10828,107,VS - B,"Thu, Feb 13 2025",9:45 PM,OVAL,HOME,Sabres,W,4.0,3.0
29357,WRAHL,10828,107,VS - B,"Sat, Feb 22 2025",7:45 PM,CHA RED,HOME,Chiefs Hackey,L,6.0,1.0
29164,WRAHL,10828,107,VS - B,"Thu, Feb 27 2025",10:15 PM,OAK,AWAY,Slew Footers,L,6.0,3.0
29368,WRAHL,10828,107,VS - B,"Tue, Mar 4 2025",10:00 PM,RR,AWAY,Blades of Glory,L,5.0,3.0
29413,WRAHL,10828,107,VS - B,"Tue, Mar 11 2025",8:45 PM,VIVO,AWAY,Calgary Crackin,L,5.0,0.0
29096,WRAHL,10828,107,VS - B,"Sun, Mar 16 2025",8:30 PM,NESS (W),AWAY,Marshalls,L,6.0,3.0
29131,WRAHL,10828,107,VS - B,"Thu, Mar 20 2025",6:45 PM,BOW,HOME,Dragons,W,5.0,3.0
29464,WRAHL,10828,107,VS - B,"Mon, Mar 24 2025",10:00 PM,RR,HOME,Bounty Hunters,W,8.0,7.0
29212,WRAHL,10828,107,VS - B,"Fri, Mar 28 2025",9:15 PM,ECTA RED,HOME,Blades of Glory,W,6.0,3.0
30375,WRAHL,10828,113,VS - B,"Thu, Sep 4 2025",10:15 PM,OAK,HOME,Slew Footers,L,5.0,1.0
30422,WRAHL,10828,113,VS - B,"Thu, Sep 11 2025",9:45 PM,MPA,AWAY,Ice Holes,L,5.0,2.0
30747,WRAHL,10828,114,VS - B,"Tue, Sep 16 2025",9:45 PM,MPA,HOME,Sabres,W,4.0,1.0
30791,WRAHL,10828,114,VS - B,"Tue, Sep 23 2025",8:15 PM,RKA,AWAY,Marshalls,W,4.0,3.0
30509,WRAHL,10828,114,VS - B,"Thu, Oct 2 2025",9:45 PM,MPA,HOME,Mighty Pucks,L,6.0,2.0
30723,WRAHL,10828,114,VS - B,"Tue, Oct 7 2025",9:15 PM,HH,AWAY,Cookie Monsters,W,8.0,3.0
30841,WRAHL,10828,114,VS - B,"Mon, Oct 20 2025",10:00 PM,RR,HOME,Dips & Rips,W,6.0,2.0
30852,WRAHL,10828,114,VS - B,"Thu, Oct 23 2025",9:00 PM,BOW,AWAY,Dragons,W,5.0,4.0
30619,WRAHL,10828,114,VS - B,"Sat, Nov 1 2025",8:30 PM,ECTA RED,HOME,Boomtown Bandits,L,9.0,2.0
30881,WRAHL,10828,114,VS - B,"Thu, Nov 6 2025",10:15 PM,OAK,HOME,Slew Footers,W,10.0,3.0
30540,WRAHL,10828,114,VS - B,"Sun, Nov 16 2025",9:45 PM,Triwood,HOME,Mountaineers,L,10.0,3.0
30556,WRAHL,10828,114,VS - B,"Wed, Nov 19 2025",10:30 PM,FCA RED,HOME,Labatt Lumberjacks,W,4.0,3.0
30933,WRAHL,10828,114,VS - B,"Tue, Nov 25 2025",8:45 PM,VIVO,AWAY,Dips & Rips,OTL,7.0,6.0
30980,WRAHL,10828,114,VS - B,"Thu, Dec 4 2025",9:00 PM,BOW,HOME,Dragons,L,5.0,2.0
30653,WRAHL,10828,114,VS - B,"Sun, Dec 7 2025",6:45 PM,SET (B),AWAY,Marshalls,L,5.0,4.0
30985,WRAHL,10828,114,VS - B,"Sun, Dec 14 2025",6:45 PM,SET (B),HOME,Mighty Pucks,W,3.0,2.0
31026,WRAHL,10828,114,VS - B,"Sat, Dec 20 2025",7:45 PM,CHA RED,HOME,Sabres,W,11.0,2.0
31730,WRAHL,10828,114,VS - B,"Thu, Jan 8 2026",10:15 PM,OAK,HOME,Slew Footers,L,4.0,0.0
31814,WRAHL,10828,114,VS - B,"Tue, Jan 13 2026",9:15 PM,HH,HOME,Ice Holes,OTL,6.0,5.0
31843,WRAHL,10828,114,VS - B,"Sun, Jan 18 2026",9:45 PM,BWD,AWAY,Blades of Gout,L,6.0,3.0
31931,WRAHL,10828,114,VS - B,"Fri, Jan 23 2026",9:30 PM,Triwood,HOME,Horned Havoc,W,6.0,4.0
32110,WRAHL,10828,114,VS - B,"Sun, Feb 1 2026",9:45 PM,BWD,HOME,Mighty Pucks,W,5.0,2.0
32173,WRAHL,10828,114,VS - B,"Thu, Feb 12 2026",9:00 PM,BOW,AWAY,Dragons,W,4.0,1.0
31855,WRAHL,10828,114,VS - B,"Sun, Feb 15 2026",9:30 PM,HH,HOME,Blades of Gout,W,4.0,3.0
31898,WRAHL,10828,114,VS - B,"Sun, Feb 22 2026",8:45 PM,ECTA RED,HOME,Marshalls,W,5.0,1.0
31990,WRAHL,10828,114,VS - B,"Fri, Feb 27 2026",9:15 PM,JSA,AWAY,Ice Holes,W,10.0,8.0
32200,WRAHL,10828,114,VS - B,"Sat, Mar 7 2026",7:45 PM,CHA RED,HOME,Dips & Rips,L,6.0,3.0
32249,WRAHL,10828,114,VS - B,"Thu, Mar 12 2026",10:15 PM,OAK,AWAY,Slew Footers,W,13.0,3.0
32052,WRAHL,10828,114,VS - B,"Sun, Mar 15 2026",8:45 PM,ECTA RED,HOME,Sabres,L,5.0,4.0
32092,WRAHL,10828,114,VS - B,"Sat, Mar 21 2026",9:15 PM,JSA,AWAY,Labatt Lumberjacks,W,5.0,3.0
32293,WRAHL,10828,114,VS - B,"Thu, Mar 26 2026",6:45 PM,NESS (E),AWAY,Mighty Pucks,W,7.0,5.0
31793,WRAHL,10828,114,VS - B,"Thu, Apr 2 2026",8:00 PM,BOW,HOME,Dragons,W,8.0,3.0
32363,WRAHL,10828,117,VS - B,"Wed, Apr 8 2026",9:00 PM,SET (B),HOME,Dips & Rips,W,5.0,3.0
32392,WRAHL,10828,117,VS - B,"Sun, Apr 12 2026",7:15 PM,SET (A),HOME,Ice Holes,SOL,4.0,3.0
32395,WRAHL,10828,117,VS - B,"Tue, Apr 14 2026",8:30 PM,SET (A),AWAY,Slew Footers,L,3.0,1.0
32440,WRAHL,10828,118,VS - B,"Thu, Apr 30 2026",7:45 PM,FCA RED,HOME,The Edgers,L,10.0,2.0
32461,WRAHL,10828,118,VS - B,"Thu, May 7 2026",9:45 PM,ECTA BLU,HOME,Boomtown Bandits,L,11.0,4.0
32474,WRAHL,10828,118,VS - B,"Thu, May 14 2026",9:15 PM,FCA RED,AWAY,Wolf Pack,L,11.0,1.0
32480,WRAHL,10828,118,VS - B,"Thu, May 21 2026",9:15 PM,FCA RED,AWAY,Silly Salmons,L,6.0,3.0
32492,WRAHL,10828,118,VS - B,"Thu, May 28 2026",9:15 PM,FCA RED,HOME,The Missiles,L,10.0,6.0
32506,WRAHL,10828,118,VS - B,"Thu, Jun 4 2026",9:15 PM,FCA RED,AWAY,Devils Brigade,L,6.0,2.0
32519,WRAHL,10828,118,VS - B,"Thu, Jun 11 2026",9:15 PM,FCA RED,HOME,BET99 Crafty Bastards,L,10.0,7.0
32532,WRAHL,10828,118,VS - B,"Thu, Jun 18 2026",9:15 PM,FCA RED,HOME,Ram Ranch Cowboys,L,8.0,2.0
32545,WRAHL,10828,118,VS - B,"Thu, Jun 25 2026",6:45 PM,SET (B),AWAY,ScreamingEagles,W,12.0,4.0
32567,WRAHL,10828,118,VS - B,"Thu, Jul 2 2026",9:15 PM,FCA RED,HOME,Sasquatch,W,7.0,0.0
32571,WRAHL,10828,118,VS - B,"Thu, Jul 16 2026",9:15 PM,FCA RED,AWAY,Goats,W,7.0,5.0
32584,WRAHL,10828,118,VS - B,"Thu, Jul 23 2026",9:15 PM,FCA RED,HOME,Iceotopes,,,
29762,WRAHL,11835,109,VS - A,"Thu, Apr 24 2025",9:30 PM,FCA RED,AWAY,The Missiles,W,6.0,4.0
29764,WRAHL,11835,109,VS - A,"Thu, May 1 2025",9:15 PM,FCA RED,HOME,Boomtown Bandits,W,5.0,3.0
30091,WRAHL,11835,109,VS - A,"Thu, May 8 2025",10:45 PM,FCA RED,AWAY,Crown Royals,L,12.0,9.0
30093,WRAHL,11835,109,VS - A,"Thu, May 15 2025",9:15 PM,FCA RED,HOME,Sunnyvale Samsquanches,W,11.0,7.0
30248,WRAHL,11835,109,VS - A,"Thu, May 22 2025",9:15 PM,FCA RED,HOME,Backdoor Bandits,W,8.0,5.0
30263,WRAHL,11835,109,VS - A,"Thu, May 29 2025",9:15 PM,FCA RED,AWAY,Hornets,W,12.0,3.0
30278,WRAHL,11835,109,VS - A,"Thu, Jun 5 2025",9:30 PM,FCA RED,HOME,Purple Cobras,W,11.0,3.0
30293,WRAHL,11835,109,VS - A,"Thu, Jun 12 2025",9:30 PM,FCA RED,HOME,Wolf Pack,W,7.0,6.0
30308,WRAHL,11835,109,VS - A,"Thu, Jun 19 2025",9:15 PM,FCA RED,AWAY,All Good Dudes,W,9.0,7.0
30323,WRAHL,11835,109,VS - A,"Thu, Jun 26 2025",9:15 PM,FCA RED,HOME,Sabres,L,14.0,6.0
30338,WRAHL,11835,109,VS - A,"Thu, Jul 3 2025",9:15 PM,FCA RED,AWAY,Purple Cobras,L,14.0,11.0
30234,WRAHL,11835,109,VS - A,"Thu, Jul 17 2025",9:15 PM,FCA RED,AWAY,Wolf Pack,L,11.0,6.0
30354,WRAHL,11835,112,VS - A,"Tue, Jul 22 2025",6:45 PM,BOW,HOME,Sabres,W,9.0,7.0
30366,WRAHL,11835,112,VS - A,"Tue, Jul 29 2025",8:15 PM,BOW,HOME,Hornets,W,8.0,4.0
30370,WRAHL,11835,112,VS - A,"Tue, Aug 5 2025",8:15 PM,SET (A),HOME,Boomtown Bandits,W,9.0,4.0
30407,WRAHL,11835,113,VS - A,"Tue, Sep 9 2025",9:15 PM,HH,AWAY,Tropics,L,13.0,4.0
,WRAHL,11835,113,VS - A,"Sat, Sep 13 2025",9:30 PM,MPA,HOME,The Flying Jams,W,2.0,1.0
30778,WRAHL,11835,114,VS - A,"Sun, Sep 21 2025",8:45 PM,FCA RED,AWAY,Long Cuts,L,13.0,3.0
30470,WRAHL,11835,114,VS - A,"Sat, Sep 27 2025",10:15 AM,RKA,AWAY,Horned Havoc,W,4.0,2.0
30505,WRAHL,11835,114,VS - A,"Wed, Oct 1 2025",9:00 PM,BOW,HOME,Allied,W,8.0,3.0
30803,WRAHL,11835,114,VS - A,"Tue, Oct 14 2025",8:30 PM,SET (A),HOME,Mustangs,L,11.0,8.0
30835,WRAHL,11835,114,VS - A,"Sun, Oct 19 2025",9:45 PM,Triwood,AWAY,The Flying Jams,L,15.0,5.0
30595,WRAHL,11835,114,VS - A,"Sun, Oct 26 2025",10:00 PM,SET (A),HOME,Tropics,L,8.0,2.0
30632,WRAHL,11835,114,VS - A,"Sun, Nov 2 2025",9:45 PM,BWD,AWAY,Generals,SOL,6.0,5.0
30898,WRAHL,11835,114,VS - A,"Sun, Nov 9 2025",8:45 PM,FCA RED,AWAY,Wizards,L,10.0,4.0
31044,WRAHL,11835,114,VS - A,"Mon, Nov 17 2025",10:30 PM,FCA RED,HOME,Long Cuts,L,17.0,7.0
31043,WRAHL,11835,114,VS - A,"Mon, Nov 24 2025",10:30 PM,FCA RED,HOME,Generals,L,12.0,2.0
31049,WRAHL,11835,114,VS - A,"Mon, Dec 1 2025",10:30 PM,FCA RED,AWAY,Dragon Slayers,L,11.0,2.0
30981,WRAHL,11835,114,VS - A,"Thu, Dec 4 2025",9:45 PM,OVAL,AWAY,Long Cuts,L,12.0,2.0
30997,WRAHL,11835,114,VS - A,"Mon, Dec 15 2025",10:00 PM,RR,HOME,Mustangs,L,16.0,7.0
30698,WRAHL,11835,114,VS - A,"Mon, Dec 29 2025",9:00 PM,WSRC,HOME,Tropics,L,13.0,3.0
31708,WRAHL,11835,114,VS - A,"Sun, Jan 4 2026",9:45 PM,BWD,HOME,Phantoms,OTL,8.0,7.0
31747,WRAHL,11835,114,VS - A,"Sun, Jan 11 2026",8:45 PM,FCA RED,HOME,Wranglers,W,10.0,6.0
32314,WRAHL,11835,114,VS - A,"Fri, Jan 16 2026",9:30 PM,Triwood,AWAY,The War Elephants,W,11.0,8.0
31854,WRAHL,11835,114,VS - A,"Tue, Jan 20 2026",9:15 PM,HH,HOME,Purple Cobras,L,10.0,6.0
31966,WRAHL,11835,114,VS - A,"Wed, Jan 28 2026",10:30 PM,SCS,AWAY,Purple Cobras,L,10.0,0.0
32164,WRAHL,11835,114,VS - A,"Tue, Feb 10 2026",9:45 PM,RR,HOME,Wranglers,L,5.0,3.0
32188,WRAHL,11835,114,VS - A,"Sat, Feb 14 2026",9:15 PM,JSA,AWAY,Troglodytes,L,5.0,2.0
31910,WRAHL,11835,114,VS - A,"Mon, Feb 23 2026",10:30 PM,FCA RED,AWAY,Dusters,L,8.0,6.0
32018,WRAHL,11835,114,VS - A,"Mon, Mar 2 2026",10:30 PM,FCA RED,HOME,The Whale,L,12.0,5.0
32228,WRAHL,11835,114,VS - A,"Mon, Mar 9 2026",10:30 PM,FCA RED,AWAY,Wizards,L,10.0,6.0
32243,WRAHL,11835,114,VS - A,"Wed, Mar 11 2026",10:30 PM,FCA RED,HOME,Horned Havoc,W,10.0,3.0
32076,WRAHL,11835,114,VS - A,"Wed, Mar 18 2026",10:30 PM,FCA RED,AWAY,Purple Cobras,W,3.0,2.0
32275,WRAHL,11835,114,VS - A,"Mon, Mar 23 2026",10:30 PM,FCA RED,AWAY,Phantoms,L,14.0,8.0
32292,WRAHL,11835,114,VS - A,"Wed, Mar 25 2026",10:30 PM,FCA RED,HOME,Wranglers,L,8.0,6.0
32304,WRAHL,11835,114,VS - A,"Fri, Mar 27 2026",9:45 PM,NESS (E),HOME,The War Elephants,L,16.0,13.0
31784,WRAHL,11835,114,VS - A,"Wed, Apr 1 2026",8:00 PM,BOW,AWAY,Calgary Crackin,SOL,8.0,7.0
11342,ASUMMERHL,3020,64,VS - A,"Tue, Apr 21 2026",8:00 PM,FCAB,AWAY,The Rangers,W,5.0,3.0
11339,ASUMMERHL,3020,64,VS - A,"Wed, Apr 22 2026",8:15 PM,FCAG,AWAY,Boreal Oilsands Service,L,14.0,9.0
11369,ASUMMERHL,3020,64,VS - A,"Tue, Apr 28 2026",9:45 PM,FCAG,HOME,Icehawks,W,12.0,8.0
11365,ASUMMERHL,3020,64,VS - A,"Thu, Apr 30 2026",8:15 PM,FCAG,HOME,The Slugs,W,10.0,5.0
11376,ASUMMERHL,3020,64,VS - A,"Mon, May 4 2026",9:45 PM,FCAG,HOME,Goldmembers,W,8.0,7.0
11374,ASUMMERHL,3020,64,VS - A,"Wed, May 6 2026",9:30 PM,FCAB,AWAY,Bigfoots,W,4.0,2.0
11402,ASUMMERHL,3020,64,VS - A,"Tue, May 12 2026",9:45 PM,FCAG,AWAY,Dark Knights,L,11.0,3.0
11400,ASUMMERHL,3020,64,VS - A,"Thu, May 14 2026",9:30 PM,FCAB,HOME,The Rangers,W,7.0,5.0
11413,ASUMMERHL,3020,64,VS - A,"Mon, May 18 2026",9:30 PM,FCAR,HOME,Boreal Oilsands Service,L,16.0,6.0
11408,ASUMMERHL,3020,64,VS - A,"Thu, May 21 2026",9:30 PM,FCAB,AWAY,Icehawks,W,6.0,3.0
11427,ASUMMERHL,3020,64,VS - A,"Mon, May 25 2026",8:00 PM,FCAB,AWAY,The Rangers,W,11.0,4.0
11425,ASUMMERHL,3020,64,VS - A,"Wed, May 27 2026",8:15 PM,FCAG,HOME,Goldmembers,L,11.0,5.0
11442,ASUMMERHL,3020,64,VS - A,"Tue, Jun 2 2026",9:45 PM,FCAG,HOME,Dark Knights,W,12.0,7.0
11441,ASUMMERHL,3020,64,VS - A,"Thu, Jun 4 2026",6:45 PM,FCAG,AWAY,Boreal Oilsands Service,W,11.0,8.0
11506,ASUMMERHL,3020,64,VS - A,"Mon, Jun 8 2026",9:30 PM,FCAB,AWAY,Goldmembers,L,6.0,3.0
11457,ASUMMERHL,3020,64,VS - A,"Thu, Jun 11 2026",8:15 PM,FCAG,HOME,The Rangers,W,12.0,2.0
11508,ASUMMERHL,3020,64,VS - A,"Mon, Jun 15 2026",8:15 PM,FCAG,HOME,Boreal Oilsands Service,T,13.0,13.0
11507,ASUMMERHL,3020,64,VS - A,"Wed, Jun 17 2026",8:15 PM,FCAG,AWAY,Dark Knights,W,10.0,3.0
11496,ASUMMERHL,3020,64,VS - A,"Wed, Jun 24 2026",8:00 PM,FCAB,HOME,Goldmembers,L,7.0,2.0
11494,ASUMMERHL,3020,64,VS - A,"Thu, Jun 25 2026",8:15 PM,FCAG,AWAY,The Rangers,T,5.0,5.0
11519,ASUMMERHL,3020,64,VS - A,"Mon, Jun 29 2026",8:15 PM,FCAG,AWAY,Boreal Oilsands Service,T,10.0,10.0
11537,ASUMMERHL,3020,64,VS - A,"Wed, Jul 1 2026",8:00 PM,FCAB,HOME,Dark Knights,L,7.0,6.0
11550,ASUMMERHL,3020,64,VS - A,"Mon, Jul 6 2026",8:00 PM,FCAB,HOME,The Rangers,W,9.0,7.0
11554,ASUMMERHL,3020,64,VS - A,"Wed, Jul 8 2026",8:00 PM,FCAB,AWAY,Goldmembers,L,10.0,4.0
11562,ASUMMERHL,3020,64,VS - A,"Mon, Jul 13 2026",9:30 PM,FCAB,AWAY,Dark Knights,L,11.0,6.0
11567,ASUMMERHL,3020,64,VS - A,"Tue, Jul 14 2026",8:00 PM,FCAB,HOME,Boreal Oilsands Service,L,9.0,7.0
11580,ASUMMERHL,3020,64,VS - A,"Mon, Jul 20 2026",8:00 PM,FCAB,AWAY,Icehawks,W,9.0,6.0
11583,ASUMMERHL,3020,64,VS - A,"Tue, Jul 21 2026",9:30 PM,FCAB,HOME,Goldmembers,,,
11596,ASUMMERHL,3020,64,VS - A,"Mon, Jul 27 2026",9:30 PM,FCAB,HOME,Dark Knights,,,
11604,ASUMMERHL,3020,64,VS - A,"Wed, Jul 29 2026",9:30 PM,FCAB,AWAY,Boreal Oilsands Service,,,
